date_core,time_core,nivel_log,origen,user_id,ip_address,transaction_id,tipo,cuenta,estado,valor
2025-05-13,08:00:10,INFO,mobile,user65,198.81.20.19,txn-0000,consignar,ahorros,Completada,429947.36
2025-05-13,08:00:11,INFO,mobile,user94,92.100.49.61,txn-0001,retirar,ahorros,Completada,1466275.85
2025-05-13,08:00:12,INFO,mobile,user93,35.10.214.169,txn-0002,transferir,ahorros,Completada,3764977.62
2025-05-13,08:00:13,INFO,api,user39,155.165.170.170,txn-0003,transferir,corriente,Completada,4780695.73
2025-05-13,08:00:14,INFO,mobile,user88,137.102.49.12,txn-0004,transferir,ahorros,Completada,3808884.49
2025-05-13,08:00:15,INFO,mobile,user92,125.126.156.72,txn-0005,retirar,ahorros,Completada,3744519.61
2025-05-13,08:00:16,INFO,mobile,user37,183.205.52.219,txn-0006,consignar,corriente,Completada,3576866.89
2025-05-13,08:00:17,INFO,mobile,user49,26.46.150.120,txn-0007,consignar,corriente,Completada,1445980.53
2025-05-13,08:00:18,INFO,mobile,user34,180.91.122.212,txn-0008,consignar,ahorros,Completada,3057736.85
2025-05-13,08:00:19,INFO,api,user58,208.65.106.126,txn-0009,retirar,corriente,Completada,4642897.07
2025-05-13,08:00:20,INFO,mobile,user40,176.10.163.171,txn-0010,retirar,corriente,Completada,982350.4
2025-05-13,08:00:21,INFO,mobile,user2,184.94.171.22,txn-0011,transferir,ahorros,Completada,28445.61
2025-05-13,08:00:22,INFO,web,user59,213.39.242.242,txn-0012,transferir,corriente,Completada,3554222.54
2025-05-13,08:00:23,INFO,mobile,user24,25.227.129.2,txn-0013,retirar,corriente,Completada,3718731.89
2025-05-13,08:00:25,INFO,mobile,user32,91.135.65.36,txn-0015,consignar,ahorros,Completada,4465745.22
2025-05-13,08:00:26,INFO,mobile,user82,207.24.6.89,txn-0016,transferir,ahorros,Completada,3291061.31
2025-05-13,08:00:27,INFO,web,user84,215.137.98.25,txn-0017,consignar,corriente,Completada,3968892.7
2025-05-13,08:00:28,INFO,mobile,user76,80.28.145.241,txn-0018,consignar,corriente,Completada,1249879.22
2025-05-13,08:00:29,INFO,api,user55,81.135.177.30,txn-0019,transferir,ahorros,Completada,2816976.33
2025-05-13,08:00:30,INFO,mobile,user76,145.219.114.139,txn-0020,consignar,corriente,Completada,3668131.31
2025-05-13,08:00:31,INFO,api,user45,62.241.212.87,txn-0021,transferir,ahorros,Completada,743043.7
2025-05-13,08:00:32,INFO,mobile,user38,166.239.161.193,txn-0022,consignar,corriente,Completada,2487061.19
2025-05-13,08:00:33,INFO,api,user49,140.14.195.73,txn-0023,consignar,corriente,Completada,3816494.35
2025-05-13,08:00:34,INFO,mobile,user54,114.40.240.45,txn-0024,consignar,corriente,Completada,1653585.45
2025-05-13,08:00:35,INFO,api,user95,4.228.215.26,txn-0025,consignar,ahorros,Completada,2327387.32
2025-05-13,08:00:38,INFO,mobile,user16,162.42.153.53,txn-0028,retirar,ahorros,Completada,3065186.73
2025-05-13,08:00:39,INFO,api,user13,184.238.242.185,txn-0029,transferir,ahorros,Completada,4946976.2
2025-05-13,08:00:40,INFO,api,user4,153.109.4.195,txn-0030,consignar,ahorros,Completada,744558.14
2025-05-13,08:00:41,INFO,api,user33,66.174.121.142,txn-0031,transferir,corriente,Completada,2852789.28
2025-05-13,08:00:42,INFO,mobile,user55,72.167.213.216,txn-0032,retirar,ahorros,Completada,4506890.21
2025-05-13,08:00:43,INFO,mobile,user76,203.151.251.195,txn-0033,consignar,ahorros,Completada,1339547.15
2025-05-13,08:00:44,INFO,mobile,user40,211.214.206.147,txn-0034,transferir,corriente,Completada,3087717.43
2025-05-13,08:00:45,INFO,api,user87,22.18.71.122,txn-0035,transferir,ahorros,Completada,1842940.98
2025-05-13,08:00:46,INFO,api,user20,66.255.156.21,txn-0036,transferir,ahorros,Completada,2660251.78
2025-05-13,08:00:47,INFO,api,user31,103.88.108.136,txn-0037,retirar,corriente,Completada,2003623.65
2025-05-13,08:00:48,INFO,mobile,user43,152.36.123.38,txn-0038,retirar,corriente,Completada,1640791.74
2025-05-13,08:00:49,INFO,api,user32,91.50.145.193,txn-0039,retirar,corriente,Completada,3263208.83
2025-05-13,08:00:51,INFO,web,user79,94.84.41.102,txn-0041,transferir,corriente,Completada,2496628.96
2025-05-13,08:00:52,INFO,api,user43,74.24.110.60,txn-0042,retirar,corriente,Completada,2067949.39
2025-05-13,08:00:53,INFO,web,user44,9.35.215.143,txn-0043,retirar,corriente,Completada,3967249.93
2025-05-13,08:00:54,INFO,api,user45,219.151.212.140,txn-0044,consignar,ahorros,Completada,2853642.5
2025-05-13,08:00:55,INFO,mobile,user97,156.108.234.86,txn-0045,consignar,ahorros,Completada,300931.1
2025-05-13,08:00:56,INFO,web,user21,139.152.176.106,txn-0046,transferir,ahorros,Completada,2015863.98
2025-05-13,08:00:57,INFO,mobile,user94,52.58.255.57,txn-0047,transferir,corriente,Completada,3046462.58
2025-05-13,08:00:58,INFO,mobile,user93,4.148.252.116,txn-0048,transferir,corriente,Completada,2245669.25
2025-05-13,08:00:59,INFO,mobile,user16,178.38.233.75,txn-0049,transferir,ahorros,Completada,3541388.7
2025-05-13,08:01:00,INFO,mobile,user64,2.197.202.104,txn-0050,transferir,ahorros,Completada,662893.51
2025-05-13,08:01:01,INFO,api,user43,71.176.37.155,txn-0051,consignar,ahorros,Completada,4813972.02
2025-05-13,08:01:02,INFO,web,user71,58.6.82.39,txn-0052,consignar,corriente,Completada,3882318.26
2025-05-13,08:01:03,INFO,mobile,user44,100.156.99.244,txn-0053,transferir,corriente,Completada,4865136.34
2025-05-13,08:01:04,INFO,mobile,user88,148.31.147.37,txn-0054,transferir,corriente,Completada,4450775.31
2025-05-13,08:01:05,INFO,mobile,user15,52.77.24.127,txn-0055,consignar,corriente,Completada,3888159.78
2025-05-13,08:01:06,INFO,api,user48,174.56.74.55,txn-0056,retirar,ahorros,Completada,3654337.93
2025-05-13,08:01:08,INFO,mobile,user71,158.237.114.185,txn-0058,consignar,corriente,Completada,2110882.96
2025-05-13,08:01:09,INFO,web,user35,198.194.249.43,txn-0059,transferir,ahorros,Completada,2813766.88
2025-05-13,08:01:10,INFO,web,user65,101.106.135.214,txn-0060,retirar,corriente,Completada,4365279.0
2025-05-13,08:01:12,INFO,mobile,user57,39.161.142.37,txn-0062,consignar,corriente,Completada,2488600.38
2025-05-13,08:01:13,INFO,web,user31,153.203.124.111,txn-0063,transferir,corriente,Completada,3457991.7
2025-05-13,08:01:14,INFO,api,user91,66.209.77.6,txn-0064,retirar,corriente,Completada,3979622.72
2025-05-13,08:01:16,INFO,api,user100,130.168.77.190,txn-0066,transferir,ahorros,Completada,1093410.07
2025-05-13,08:01:17,INFO,web,user42,211.63.248.127,txn-0067,transferir,corriente,Completada,3678041.96
2025-05-13,08:01:18,INFO,api,user62,47.49.92.3,txn-0068,consignar,corriente,Completada,191528.57
2025-05-13,08:01:19,INFO,api,user42,171.190.154.242,txn-0069,consignar,corriente,Completada,2656673.92
2025-05-13,08:01:20,INFO,mobile,user19,190.3.190.7,txn-0070,consignar,ahorros,Completada,4772842.36
2025-05-13,08:01:21,INFO,api,user78,184.80.98.128,txn-0071,retirar,ahorros,Completada,4735608.89
2025-05-13,08:01:22,INFO,api,user35,38.154.114.58,txn-0072,consignar,ahorros,Completada,3466176.94
2025-05-13,08:01:23,INFO,web,user56,62.182.144.153,txn-0073,retirar,ahorros,Completada,1930975.68
2025-05-13,08:01:25,INFO,web,user6,36.117.249.250,txn-0075,consignar,corriente,Completada,427479.19
2025-05-13,08:01:26,INFO,web,user9,205.25.115.192,txn-0076,consignar,ahorros,Completada,1166859.11
2025-05-13,08:01:27,INFO,api,user24,75.251.212.232,txn-0077,transferir,ahorros,Completada,1131871.82
2025-05-13,08:01:28,INFO,web,user6,90.196.43.202,txn-0078,transferir,ahorros,Completada,3944011.0
2025-05-13,08:01:29,INFO,api,user30,192.133.159.178,txn-0079,retirar,ahorros,Completada,796546.84
2025-05-13,08:01:30,INFO,mobile,user15,186.100.168.201,txn-0080,retirar,ahorros,Completada,2273311.85
2025-05-13,08:01:31,INFO,web,user67,124.26.132.216,txn-0081,retirar,ahorros,Completada,1582423.89
2025-05-13,08:01:32,INFO,web,user52,162.74.104.90,txn-0082,consignar,ahorros,Completada,137245.33
2025-05-13,08:01:34,INFO,mobile,user61,22.48.224.5,txn-0084,consignar,ahorros,Completada,1603354.57
2025-05-13,08:01:35,INFO,api,user75,42.244.56.5,txn-0085,transferir,ahorros,Completada,1016470.02
2025-05-13,08:01:36,INFO,api,user41,27.246.169.159,txn-0086,consignar,corriente,Completada,3726910.44
2025-05-13,08:01:37,INFO,api,user73,140.177.152.241,txn-0087,transferir,corriente,Completada,3597983.05
2025-05-13,08:01:38,INFO,mobile,user11,195.4.145.226,txn-0088,retirar,corriente,Completada,1564741.81
2025-05-13,08:01:39,INFO,mobile,user79,10.241.131.215,txn-0089,consignar,ahorros,Completada,4884200.17
2025-05-13,08:01:40,INFO,api,user21,48.92.48.115,txn-0090,retirar,ahorros,Completada,3593584.98
2025-05-13,08:01:41,INFO,mobile,user61,145.50.29.8,txn-0091,transferir,corriente,Completada,3299796.16
2025-05-13,08:01:42,INFO,api,user13,101.213.242.239,txn-0092,consignar,corriente,Completada,91089.65
2025-05-13,08:01:43,INFO,mobile,user50,97.203.56.234,txn-0093,retirar,ahorros,Completada,4477859.96
2025-05-13,08:01:44,INFO,web,user91,130.192.33.167,txn-0094,transferir,ahorros,Completada,2993073.13
2025-05-13,08:01:45,INFO,web,user82,19.169.239.127,txn-0095,retirar,corriente,Completada,3425992.77
2025-05-13,08:01:46,INFO,web,user29,102.228.32.90,txn-0096,retirar,corriente,Completada,4364147.63
2025-05-13,08:01:47,INFO,api,user69,16.48.180.5,txn-0097,retirar,ahorros,Completada,2182054.13
2025-05-13,08:01:48,INFO,mobile,user87,50.90.213.54,txn-0098,consignar,corriente,Completada,4702771.19
2025-05-13,08:01:49,INFO,web,user93,148.102.2.237,txn-0099,retirar,corriente,Completada,3006195.03
2025-05-13,08:01:50,INFO,web,user3,166.218.248.168,txn-0100,consignar,ahorros,Completada,4391245.17
2025-05-13,08:01:51,INFO,api,user87,203.106.10.140,txn-0101,retirar,corriente,Completada,82375.33
2025-05-13,08:01:52,INFO,web,user53,188.232.0.22,txn-0102,consignar,ahorros,Completada,1826216.25
2025-05-13,08:01:53,INFO,api,user41,145.82.191.161,txn-0103,transferir,corriente,Completada,3181214.0
2025-05-13,08:01:54,INFO,mobile,user22,195.140.229.12,txn-0104,consignar,ahorros,Completada,836279.26
2025-05-13,08:01:55,INFO,api,user80,125.145.113.244,txn-0105,transferir,ahorros,Completada,1897618.12
2025-05-13,08:01:56,INFO,mobile,user66,139.222.58.126,txn-0106,retirar,ahorros,Completada,3559843.43
2025-05-13,08:01:58,INFO,web,user87,180.97.128.105,txn-0108,transferir,ahorros,Completada,3397797.01
2025-05-13,08:01:59,INFO,api,user73,2.189.73.213,txn-0109,transferir,ahorros,Completada,4306438.75
2025-05-13,08:02:01,INFO,web,user84,152.115.65.65,txn-0111,transferir,corriente,Completada,2393527.33
2025-05-13,08:02:02,INFO,api,user50,214.227.189.171,txn-0112,consignar,corriente,Completada,634612.43
2025-05-13,08:02:03,INFO,api,user85,59.17.74.211,txn-0113,consignar,corriente,Completada,808757.15
2025-05-13,08:02:04,INFO,web,user18,183.10.112.52,txn-0114,retirar,corriente,Completada,755143.02
2025-05-13,08:02:05,INFO,web,user25,78.144.209.129,txn-0115,retirar,corriente,Completada,2485803.39
2025-05-13,08:02:06,INFO,api,user1,131.246.17.70,txn-0116,consignar,corriente,Completada,3980627.77
2025-05-13,08:02:07,INFO,mobile,user61,56.103.138.34,txn-0117,transferir,corriente,Completada,4841784.7
2025-05-13,08:02:08,INFO,api,user65,27.172.206.124,txn-0118,retirar,ahorros,Completada,4924293.24
2025-05-13,08:02:10,INFO,api,user79,17.130.165.69,txn-0120,consignar,ahorros,Completada,4578289.35
2025-05-13,08:02:11,INFO,api,user15,157.164.119.212,txn-0121,consignar,ahorros,Completada,4196983.26
2025-05-13,08:02:12,INFO,mobile,user95,129.113.221.94,txn-0122,retirar,corriente,Completada,1085262.26
2025-05-13,08:02:13,INFO,mobile,user52,176.47.129.149,txn-0123,transferir,corriente,Completada,3655182.35
2025-05-13,08:02:14,INFO,api,user55,124.127.180.251,txn-0124,retirar,corriente,Completada,4665847.09
2025-05-13,08:02:15,INFO,mobile,user86,41.250.45.187,txn-0125,transferir,corriente,Completada,2378248.52
2025-05-13,08:02:16,INFO,api,user2,148.97.120.54,txn-0126,transferir,corriente,Completada,2154516.48
2025-05-13,08:02:17,INFO,web,user74,194.113.234.190,txn-0127,consignar,corriente,Completada,4986897.55
2025-05-13,08:02:19,INFO,api,user47,91.252.245.221,txn-0129,retirar,corriente,Completada,3995508.5
2025-05-13,08:02:20,INFO,web,user96,142.218.99.41,txn-0130,consignar,corriente,Completada,2349685.13
2025-05-13,08:02:21,INFO,web,user12,90.58.123.27,txn-0131,consignar,corriente,Completada,3668861.45
2025-05-13,08:02:23,INFO,web,user68,111.181.120.99,txn-0133,transferir,corriente,Completada,4047297.23
2025-05-13,08:02:24,INFO,web,user15,12.245.25.138,txn-0134,consignar,corriente,Completada,3208919.5
2025-05-13,08:02:25,INFO,web,user97,220.216.154.249,txn-0135,consignar,corriente,Completada,1138371.94
2025-05-13,08:02:27,INFO,api,user53,162.115.108.248,txn-0137,transferir,corriente,Completada,2109760.85
2025-05-13,08:02:28,INFO,api,user43,21.70.216.91,txn-0138,consignar,corriente,Completada,4266076.7
2025-05-13,08:02:29,INFO,web,user12,178.16.188.235,txn-0139,consignar,ahorros,Completada,3683848.85
2025-05-13,08:02:30,INFO,api,user31,30.37.102.152,txn-0140,consignar,corriente,Completada,3987040.59
2025-05-13,08:02:31,INFO,web,user13,51.255.30.52,txn-0141,consignar,corriente,Completada,1029322.74
2025-05-13,08:02:32,INFO,web,user23,170.65.0.59,txn-0142,consignar,corriente,Completada,2981213.08
2025-05-13,08:02:33,INFO,api,user96,73.25.254.102,txn-0143,consignar,corriente,Completada,3901553.0
2025-05-13,08:02:35,INFO,mobile,user94,163.236.89.227,txn-0145,consignar,corriente,Completada,405176.27
2025-05-13,08:02:36,INFO,api,user11,143.253.33.72,txn-0146,transferir,ahorros,Completada,772689.26
2025-05-13,08:02:39,INFO,api,user21,197.153.72.178,txn-0149,transferir,corriente,Completada,4036338.52
2025-05-13,08:02:40,INFO,web,user42,163.116.115.204,txn-0150,consignar,corriente,Completada,1000133.92
2025-05-13,08:02:41,INFO,web,user89,136.24.234.166,txn-0151,retirar,corriente,Completada,1779881.7
2025-05-13,08:02:42,INFO,mobile,user80,30.33.114.168,txn-0152,consignar,corriente,Completada,4988756.14
2025-05-13,08:02:43,INFO,api,user84,98.31.153.164,txn-0153,consignar,ahorros,Completada,3359626.19
2025-05-13,08:02:44,INFO,mobile,user44,44.60.175.193,txn-0154,consignar,corriente,Completada,2293755.82
2025-05-13,08:02:45,INFO,mobile,user7,142.64.73.31,txn-0155,transferir,corriente,Completada,1989150.55
2025-05-13,08:02:46,INFO,web,user26,221.52.220.13,txn-0156,retirar,ahorros,Completada,839675.19
2025-05-13,08:02:47,INFO,mobile,user65,89.57.183.180,txn-0157,consignar,ahorros,Completada,2149226.52
2025-05-13,08:02:48,INFO,web,user14,68.83.63.249,txn-0158,transferir,ahorros,Completada,4733704.48
2025-05-13,08:02:49,INFO,api,user15,7.147.110.116,txn-0159,retirar,corriente,Completada,3226400.15
2025-05-13,08:02:50,INFO,web,user55,10.56.128.10,txn-0160,consignar,corriente,Completada,3382869.37
2025-05-13,08:02:51,INFO,mobile,user26,181.247.236.90,txn-0161,transferir,ahorros,Completada,1278862.62
2025-05-13,08:02:52,INFO,api,user84,23.154.245.214,txn-0162,consignar,corriente,Completada,410013.38
2025-05-13,08:02:53,INFO,mobile,user54,213.203.71.158,txn-0163,retirar,ahorros,Completada,295891.12
2025-05-13,08:02:54,INFO,api,user92,46.161.253.35,txn-0164,transferir,corriente,Completada,4052034.13
2025-05-13,08:02:56,INFO,mobile,user3,167.137.76.250,txn-0166,retirar,ahorros,Completada,2024768.39
2025-05-13,08:02:57,INFO,web,user92,170.156.32.57,txn-0167,transferir,ahorros,Completada,3715775.74
2025-05-13,08:02:58,INFO,mobile,user37,166.161.122.148,txn-0168,retirar,ahorros,Completada,3401746.67
2025-05-13,08:02:59,INFO,api,user17,122.176.1.146,txn-0169,transferir,ahorros,Completada,2574018.69
2025-05-13,08:03:00,INFO,web,user33,13.202.208.175,txn-0170,consignar,ahorros,Completada,4511645.66
2025-05-13,08:03:01,INFO,web,user40,192.150.119.229,txn-0171,consignar,ahorros,Completada,390393.25
2025-05-13,08:03:02,INFO,api,user6,68.163.215.79,txn-0172,consignar,corriente,Completada,110610.97
2025-05-13,08:03:03,INFO,web,user18,81.178.129.240,txn-0173,retirar,ahorros,Completada,913387.92
2025-05-13,08:03:04,INFO,mobile,user5,155.86.188.21,txn-0174,transferir,ahorros,Completada,3266780.95
2025-05-13,08:03:05,INFO,mobile,user35,12.132.231.83,txn-0175,retirar,corriente,Completada,21567.16
2025-05-13,08:03:07,INFO,api,user5,214.130.219.78,txn-0177,retirar,corriente,Completada,955334.86
2025-05-13,08:03:08,INFO,api,user1,144.17.119.176,txn-0178,consignar,ahorros,Completada,663771.13
2025-05-13,08:03:09,INFO,mobile,user67,165.212.160.220,txn-0179,retirar,ahorros,Completada,4081216.28
2025-05-13,08:03:10,INFO,web,user82,154.73.228.207,txn-0180,retirar,corriente,Completada,3377901.97
2025-05-13,08:03:11,INFO,mobile,user100,216.96.114.220,txn-0181,consignar,corriente,Completada,187589.14
2025-05-13,08:03:12,INFO,api,user3,30.115.141.222,txn-0182,transferir,ahorros,Completada,507395.56
2025-05-13,08:03:13,INFO,api,user16,54.32.215.192,txn-0183,consignar,ahorros,Completada,627956.39
2025-05-13,08:03:14,INFO,web,user18,22.97.152.136,txn-0184,transferir,corriente,Completada,507452.76
2025-05-13,08:03:15,INFO,web,user61,153.149.147.198,txn-0185,consignar,ahorros,Completada,3051401.23
2025-05-13,08:03:16,INFO,mobile,user44,70.73.132.148,txn-0186,consignar,ahorros,Completada,2310266.75
2025-05-13,08:03:17,INFO,web,user52,32.217.110.105,txn-0187,consignar,corriente,Completada,891676.29
2025-05-13,08:03:18,INFO,mobile,user29,71.120.48.160,txn-0188,transferir,ahorros,Completada,2326341.18
2025-05-13,08:03:19,INFO,web,user54,139.192.171.165,txn-0189,consignar,ahorros,Completada,4181312.9
2025-05-13,08:03:22,INFO,web,user23,192.2.8.175,txn-0192,consignar,corriente,Completada,2729587.12
2025-05-13,08:03:23,INFO,api,user59,29.238.173.33,txn-0193,retirar,corriente,Completada,1217976.24
2025-05-13,08:03:24,INFO,api,user47,69.78.94.84,txn-0194,retirar,corriente,Completada,4506542.25
2025-05-13,08:03:25,INFO,web,user14,98.147.244.114,txn-0195,consignar,ahorros,Completada,2361218.5
2025-05-13,08:03:26,INFO,mobile,user74,52.114.96.104,txn-0196,transferir,ahorros,Completada,1392943.83
2025-05-13,08:03:27,INFO,api,user50,74.22.102.25,txn-0197,retirar,ahorros,Completada,3737353.6
2025-05-13,08:03:29,INFO,api,user37,61.44.129.128,txn-0199,transferir,ahorros,Completada,2063231.67
2025-05-13,08:03:30,INFO,api,user90,160.122.165.252,txn-0200,retirar,ahorros,Completada,4339738.79
2025-05-13,08:03:31,INFO,api,user2,14.31.15.219,txn-0201,consignar,corriente,Completada,1007022.67
2025-05-13,08:03:32,INFO,api,user25,15.227.166.204,txn-0202,transferir,corriente,Completada,3452108.71
2025-05-13,08:03:34,INFO,web,user20,72.226.76.204,txn-0204,retirar,ahorros,Completada,649167.58
2025-05-13,08:03:35,INFO,web,user65,37.86.161.44,txn-0205,retirar,ahorros,Completada,1606768.06
2025-05-13,08:03:36,INFO,web,user97,52.174.241.245,txn-0206,retirar,ahorros,Completada,100579.37
2025-05-13,08:03:37,INFO,web,user29,111.45.152.42,txn-0207,consignar,corriente,Completada,267336.93
2025-05-13,08:03:38,INFO,api,user16,41.8.90.255,txn-0208,transferir,corriente,Completada,383376.48
2025-05-13,08:03:40,INFO,web,user84,195.23.138.248,txn-0210,transferir,corriente,Completada,3135028.93
2025-05-13,08:03:41,INFO,api,user68,171.97.99.47,txn-0211,retirar,corriente,Completada,637390.23
2025-05-13,08:03:42,INFO,mobile,user49,140.191.240.109,txn-0212,retirar,ahorros,Completada,25544.33
2025-05-13,08:03:43,INFO,api,user63,88.125.168.26,txn-0213,transferir,ahorros,Completada,2574401.56
2025-05-13,08:03:44,INFO,web,user32,84.25.89.123,txn-0214,consignar,corriente,Completada,465682.3
2025-05-13,08:03:45,INFO,web,user55,147.70.252.169,txn-0215,transferir,ahorros,Completada,3916833.89
2025-05-13,08:03:46,INFO,web,user91,205.204.76.188,txn-0216,transferir,ahorros,Completada,3596781.16
2025-05-13,08:03:48,INFO,api,user9,132.51.145.172,txn-0218,retirar,ahorros,Completada,263815.89
2025-05-13,08:03:49,INFO,api,user26,91.88.208.136,txn-0219,transferir,corriente,Completada,4593535.77
2025-05-13,08:03:50,INFO,api,user38,155.108.90.185,txn-0220,consignar,ahorros,Completada,855896.73
2025-05-13,08:03:51,INFO,api,user37,150.156.14.171,txn-0221,transferir,corriente,Completada,797538.1
2025-05-13,08:03:52,INFO,api,user46,65.135.185.10,txn-0222,consignar,corriente,Completada,1683223.55
2025-05-13,08:03:53,INFO,mobile,user3,154.84.134.72,txn-0223,consignar,ahorros,Completada,1538103.97
2025-05-13,08:03:54,INFO,api,user24,23.117.72.205,txn-0224,consignar,ahorros,Completada,1067773.9
2025-05-13,08:03:55,INFO,api,user65,200.152.100.185,txn-0225,consignar,ahorros,Completada,1567265.83
2025-05-13,08:03:56,INFO,api,user49,38.235.178.34,txn-0226,consignar,ahorros,Completada,4640580.8
2025-05-13,08:03:57,INFO,web,user35,75.185.244.141,txn-0227,retirar,ahorros,Completada,3157240.52
2025-05-13,08:03:58,INFO,web,user31,96.34.7.1,txn-0228,transferir,corriente,Completada,1767111.29
2025-05-13,08:03:59,INFO,mobile,user95,139.217.158.140,txn-0229,retirar,ahorros,Completada,4166333.19
2025-05-13,08:04:00,INFO,api,user21,38.252.104.105,txn-0230,consignar,corriente,Completada,165125.42
2025-05-13,08:04:01,INFO,api,user81,109.240.153.9,txn-0231,transferir,ahorros,Completada,1378279.13
2025-05-13,08:04:02,INFO,api,user15,217.70.188.25,txn-0232,retirar,ahorros,Completada,4626098.65
2025-05-13,08:04:03,INFO,mobile,user50,154.115.22.124,txn-0233,retirar,ahorros,Completada,4421092.26
2025-05-13,08:04:04,INFO,web,user94,189.204.39.174,txn-0234,transferir,ahorros,Completada,4769206.14
2025-05-13,08:04:05,INFO,mobile,user66,32.196.137.23,txn-0235,consignar,corriente,Completada,3711211.69
2025-05-13,08:04:06,INFO,mobile,user33,136.150.69.29,txn-0236,consignar,corriente,Completada,939005.06
2025-05-13,08:04:07,INFO,mobile,user66,220.166.126.253,txn-0237,transferir,corriente,Completada,175131.36
2025-05-13,08:04:08,INFO,web,user32,216.210.97.7,txn-0238,consignar,ahorros,Completada,1753635.44
2025-05-13,08:04:09,INFO,web,user34,131.130.87.235,txn-0239,transferir,corriente,Completada,2542471.57
2025-05-13,08:04:10,INFO,api,user89,171.187.131.60,txn-0240,consignar,ahorros,Completada,1275495.77
2025-05-13,08:04:12,INFO,web,user29,83.212.50.96,txn-0242,consignar,ahorros,Completada,4618648.79
2025-05-13,08:04:13,INFO,api,user47,211.18.37.111,txn-0243,retirar,corriente,Completada,1219326.68
2025-05-13,08:04:14,INFO,mobile,user30,159.101.253.163,txn-0244,retirar,corriente,Completada,4311311.35
2025-05-13,08:04:15,INFO,api,user56,207.17.222.251,txn-0245,transferir,ahorros,Completada,4619124.8
2025-05-13,08:04:16,INFO,web,user7,26.220.186.38,txn-0246,consignar,ahorros,Completada,3368546.41
2025-05-13,08:04:17,INFO,web,user38,51.238.97.61,txn-0247,consignar,ahorros,Completada,1625491.66
2025-05-13,08:04:18,INFO,api,user50,211.182.205.67,txn-0248,retirar,ahorros,Completada,3231587.58
2025-05-13,08:04:19,INFO,web,user73,197.51.3.170,txn-0249,retirar,ahorros,Completada,4428300.15
2025-05-13,08:04:21,INFO,mobile,user34,122.138.195.190,txn-0251,consignar,ahorros,Completada,3802396.9
2025-05-13,08:04:24,INFO,web,user23,221.13.111.224,txn-0254,consignar,ahorros,Completada,989113.0
2025-05-13,08:04:25,INFO,web,user57,170.133.121.227,txn-0255,consignar,corriente,Completada,741990.45
2025-05-13,08:04:26,INFO,web,user43,130.65.7.191,txn-0256,transferir,ahorros,Completada,339412.32
2025-05-13,08:04:27,INFO,web,user24,194.155.76.232,txn-0257,transferir,ahorros,Completada,1527285.44
2025-05-13,08:04:28,INFO,mobile,user100,124.168.254.195,txn-0258,retirar,ahorros,Completada,2852294.86
2025-05-13,08:04:29,INFO,web,user58,77.221.234.231,txn-0259,consignar,ahorros,Completada,1118042.62
2025-05-13,08:04:30,INFO,web,user46,165.20.79.200,txn-0260,retirar,ahorros,Completada,4814374.48
2025-05-13,08:04:31,INFO,mobile,user60,27.117.170.169,txn-0261,consignar,ahorros,Completada,261107.78
2025-05-13,08:04:32,INFO,web,user31,130.110.162.237,txn-0262,consignar,ahorros,Completada,2773388.1
2025-05-13,08:04:33,INFO,api,user18,92.13.5.207,txn-0263,consignar,ahorros,Completada,4214567.09
2025-05-13,08:04:35,INFO,api,user30,185.98.47.48,txn-0265,retirar,ahorros,Completada,1292496.0
2025-05-13,08:04:36,INFO,api,user72,20.200.87.209,txn-0266,retirar,ahorros,Completada,4277192.37
2025-05-13,08:04:37,INFO,mobile,user47,95.3.119.245,txn-0267,consignar,ahorros,Completada,1581802.79
2025-05-13,08:04:39,INFO,mobile,user48,109.50.53.71,txn-0269,retirar,ahorros,Completada,50362.98
2025-05-13,08:04:40,INFO,mobile,user96,23.19.159.214,txn-0270,retirar,ahorros,Completada,4220874.53
2025-05-13,08:04:41,INFO,web,user34,124.1.152.75,txn-0271,consignar,ahorros,Completada,1482793.01
2025-05-13,08:04:42,INFO,api,user16,140.60.103.159,txn-0272,transferir,corriente,Completada,1509881.79
2025-05-13,08:04:43,INFO,web,user88,32.58.226.168,txn-0273,transferir,ahorros,Completada,3342850.0
2025-05-13,08:04:44,INFO,mobile,user24,45.1.19.49,txn-0274,transferir,ahorros,Completada,1555797.24
2025-05-13,08:04:45,INFO,mobile,user65,168.242.182.195,txn-0275,retirar,corriente,Completada,3017034.9
2025-05-13,08:04:46,INFO,web,user41,113.42.164.86,txn-0276,consignar,corriente,Completada,1687669.71
2025-05-13,08:04:47,INFO,web,user94,189.47.194.56,txn-0277,transferir,corriente,Completada,2530000.84
2025-05-13,08:04:48,INFO,web,user90,196.239.232.159,txn-0278,retirar,corriente,Completada,726021.2
2025-05-13,08:04:49,INFO,mobile,user57,96.193.154.34,txn-0279,retirar,corriente,Completada,4313391.98
2025-05-13,08:04:51,INFO,api,user87,37.74.226.208,txn-0281,retirar,corriente,Completada,4813509.31
2025-05-13,08:04:52,INFO,mobile,user40,56.245.159.194,txn-0282,consignar,ahorros,Completada,460151.31
2025-05-13,08:04:53,INFO,web,user52,179.60.39.90,txn-0283,retirar,ahorros,Completada,2907626.17
2025-05-13,08:04:54,INFO,api,user1,71.180.116.86,txn-0284,retirar,corriente,Completada,3881994.73
2025-05-13,08:04:56,INFO,web,user76,68.145.48.5,txn-0286,retirar,corriente,Completada,440068.7
2025-05-13,08:04:58,INFO,mobile,user30,188.78.161.133,txn-0288,retirar,corriente,Completada,3678141.86
2025-05-13,08:05:00,INFO,mobile,user90,149.235.46.54,txn-0290,consignar,ahorros,Completada,597227.56
2025-05-13,08:05:01,INFO,web,user5,222.83.137.37,txn-0291,transferir,ahorros,Completada,1642123.17
2025-05-13,08:05:04,INFO,mobile,user59,207.223.191.215,txn-0294,transferir,ahorros,Completada,4016056.85
2025-05-13,08:05:05,INFO,api,user10,221.136.173.252,txn-0295,retirar,ahorros,Completada,2928528.57
2025-05-13,08:05:06,INFO,web,user16,28.201.142.110,txn-0296,transferir,corriente,Completada,1528071.7
2025-05-13,08:05:07,INFO,api,user56,7.207.145.157,txn-0297,transferir,corriente,Completada,4958118.24
2025-05-13,08:05:08,INFO,api,user74,183.192.138.156,txn-0298,retirar,ahorros,Completada,4603607.69
2025-05-13,08:05:09,INFO,web,user53,10.196.96.164,txn-0299,consignar,ahorros,Completada,2564375.08
2025-05-13,08:05:10,INFO,api,user63,219.174.251.42,txn-0300,transferir,corriente,Completada,2311135.6
2025-05-13,08:05:11,INFO,web,user42,83.75.231.246,txn-0301,consignar,ahorros,Completada,4636718.46
2025-05-13,08:05:12,INFO,mobile,user78,112.91.21.127,txn-0302,transferir,corriente,Completada,2344548.65
2025-05-13,08:05:13,INFO,api,user56,148.27.109.231,txn-0303,retirar,corriente,Completada,1392818.8
2025-05-13,08:05:14,INFO,mobile,user90,8.236.139.164,txn-0304,transferir,corriente,Completada,3854101.21
2025-05-13,08:05:15,INFO,mobile,user94,144.12.220.25,txn-0305,consignar,ahorros,Completada,2700030.7
2025-05-13,08:05:16,INFO,mobile,user6,85.18.117.228,txn-0306,consignar,corriente,Completada,3240487.88
2025-05-13,08:05:17,INFO,web,user63,147.129.34.100,txn-0307,consignar,corriente,Completada,1796678.91
2025-05-13,08:05:18,INFO,web,user74,208.48.133.79,txn-0308,transferir,corriente,Completada,3958258.03
2025-05-13,08:05:20,INFO,mobile,user85,94.150.231.208,txn-0310,retirar,ahorros,Completada,1278547.95
2025-05-13,08:05:22,INFO,web,user80,40.144.219.32,txn-0312,transferir,ahorros,Completada,2327642.69
2025-05-13,08:05:23,INFO,mobile,user85,156.7.216.232,txn-0313,transferir,ahorros,Completada,772789.32
2025-05-13,08:05:24,INFO,mobile,user46,128.194.123.212,txn-0314,consignar,ahorros,Completada,2406530.21
2025-05-13,08:05:25,INFO,mobile,user2,66.251.60.149,txn-0315,consignar,corriente,Completada,3720973.59
2025-05-13,08:05:26,INFO,api,user10,40.24.175.142,txn-0316,transferir,ahorros,Completada,659966.28
2025-05-13,08:05:28,INFO,web,user56,172.15.194.98,txn-0318,transferir,corriente,Completada,4821746.26
2025-05-13,08:05:29,INFO,api,user1,57.137.16.124,txn-0319,retirar,corriente,Completada,3754859.04
2025-05-13,08:05:30,INFO,api,user45,21.6.207.162,txn-0320,retirar,corriente,Completada,4412418.68
2025-05-13,08:05:31,INFO,web,user38,109.11.231.199,txn-0321,retirar,ahorros,Completada,29762.38
2025-05-13,08:05:33,INFO,api,user4,11.156.240.250,txn-0323,transferir,corriente,Completada,1741115.18
2025-05-13,08:05:34,INFO,mobile,user98,149.255.122.115,txn-0324,transferir,ahorros,Completada,3505631.08
2025-05-13,08:05:35,INFO,mobile,user22,18.103.132.25,txn-0325,consignar,corriente,Completada,1662030.19
2025-05-13,08:05:36,INFO,web,user20,208.133.204.180,txn-0326,transferir,ahorros,Completada,3336510.02
2025-05-13,08:05:37,INFO,api,user28,69.27.13.205,txn-0327,consignar,ahorros,Completada,280197.0
2025-05-13,08:05:38,INFO,api,user44,189.166.72.172,txn-0328,consignar,corriente,Completada,3109519.96
2025-05-13,08:05:39,INFO,api,user10,186.107.181.219,txn-0329,consignar,ahorros,Completada,345963.9
2025-05-13,08:05:40,INFO,mobile,user62,4.158.33.243,txn-0330,consignar,corriente,Completada,3850353.74
2025-05-13,08:05:41,INFO,api,user36,103.224.16.86,txn-0331,retirar,corriente,Completada,1112061.29
2025-05-13,08:05:42,INFO,web,user45,72.69.138.63,txn-0332,transferir,ahorros,Completada,525277.43
2025-05-13,08:05:43,INFO,mobile,user1,64.39.236.209,txn-0333,transferir,corriente,Completada,3533713.69
2025-05-13,08:05:44,INFO,api,user46,89.166.204.40,txn-0334,consignar,corriente,Completada,3400852.86
2025-05-13,08:05:45,INFO,api,user68,142.114.192.37,txn-0335,transferir,corriente,Completada,4263946.57
2025-05-13,08:05:46,INFO,api,user80,215.54.231.140,txn-0336,transferir,corriente,Completada,1760761.95
2025-05-13,08:05:47,INFO,mobile,user24,24.19.122.156,txn-0337,consignar,corriente,Completada,2886876.36
2025-05-13,08:05:49,INFO,api,user65,144.188.250.221,txn-0339,transferir,ahorros,Completada,3273875.85
2025-05-13,08:05:50,INFO,web,user46,15.192.101.157,txn-0340,retirar,corriente,Completada,759500.63
2025-05-13,08:05:51,INFO,mobile,user8,96.242.185.121,txn-0341,transferir,ahorros,Completada,2420167.85
2025-05-13,08:05:53,INFO,mobile,user33,32.206.123.138,txn-0343,retirar,ahorros,Completada,3044443.7
2025-05-13,08:05:54,INFO,api,user4,43.110.163.113,txn-0344,transferir,ahorros,Completada,3180176.79
2025-05-13,08:05:55,INFO,api,user93,112.16.239.139,txn-0345,transferir,ahorros,Completada,1043347.53
2025-05-13,08:05:56,INFO,api,user69,201.39.173.117,txn-0346,transferir,corriente,Completada,3822515.34
2025-05-13,08:05:57,INFO,web,user87,2.250.255.129,txn-0347,retirar,ahorros,Completada,3373784.63
2025-05-13,08:05:58,INFO,api,user5,123.44.179.3,txn-0348,consignar,ahorros,Completada,191981.62
2025-05-13,08:05:59,INFO,mobile,user3,165.233.48.129,txn-0349,consignar,ahorros,Completada,769827.22
2025-05-13,08:06:00,INFO,api,user64,152.241.128.93,txn-0350,consignar,ahorros,Completada,2860838.33
2025-05-13,08:06:01,INFO,mobile,user99,81.177.114.199,txn-0351,transferir,ahorros,Completada,320467.56
2025-05-13,08:06:02,INFO,web,user2,33.255.10.129,txn-0352,retirar,corriente,Completada,1662578.8
2025-05-13,08:06:04,INFO,api,user94,48.9.128.184,txn-0354,transferir,corriente,Completada,2615755.24
2025-05-13,08:06:05,INFO,api,user93,141.81.202.40,txn-0355,consignar,ahorros,Completada,4437259.51
2025-05-13,08:06:06,INFO,api,user33,207.211.237.153,txn-0356,consignar,corriente,Completada,3468012.59
2025-05-13,08:06:08,INFO,mobile,user57,155.48.153.77,txn-0358,transferir,ahorros,Completada,3904009.73
2025-05-13,08:06:09,INFO,mobile,user19,220.27.85.78,txn-0359,consignar,corriente,Completada,3473792.51
2025-05-13,08:06:10,INFO,api,user3,60.125.202.43,txn-0360,consignar,ahorros,Completada,2941417.17
2025-05-13,08:06:11,INFO,web,user96,198.228.148.26,txn-0361,retirar,ahorros,Completada,2185529.02
2025-05-13,08:06:12,INFO,mobile,user80,99.211.75.109,txn-0362,consignar,ahorros,Completada,4926320.69
2025-05-13,08:06:13,INFO,api,user92,68.105.79.75,txn-0363,retirar,ahorros,Completada,4966430.77
2025-05-13,08:06:14,INFO,web,user57,217.206.2.244,txn-0364,consignar,ahorros,Completada,4071983.97
2025-05-13,08:06:15,INFO,api,user9,146.217.189.251,txn-0365,transferir,corriente,Completada,4968511.06
2025-05-13,08:06:16,INFO,api,user16,83.189.7.37,txn-0366,retirar,corriente,Completada,595293.71
2025-05-13,08:06:17,INFO,api,user49,74.230.21.162,txn-0367,consignar,corriente,Completada,3002414.09
2025-05-13,08:06:18,INFO,api,user29,15.161.70.51,txn-0368,consignar,ahorros,Completada,2001634.28
2025-05-13,08:06:19,INFO,api,user98,80.37.186.241,txn-0369,consignar,corriente,Completada,4971202.14
2025-05-13,08:06:20,INFO,web,user48,189.215.232.108,txn-0370,transferir,corriente,Completada,192835.19
2025-05-13,08:06:21,INFO,mobile,user92,3.225.206.237,txn-0371,retirar,corriente,Completada,1731541.79
2025-05-13,08:06:22,INFO,mobile,user31,209.186.234.102,txn-0372,transferir,corriente,Completada,3837595.76
2025-05-13,08:06:23,INFO,web,user69,36.45.46.26,txn-0373,consignar,ahorros,Completada,1474787.22
2025-05-13,08:06:24,INFO,mobile,user31,181.133.85.191,txn-0374,transferir,corriente,Completada,1234034.09
2025-05-13,08:06:26,INFO,api,user15,153.186.56.86,txn-0376,retirar,corriente,Completada,3036623.48
2025-05-13,08:06:28,INFO,web,user100,13.136.181.69,txn-0378,transferir,corriente,Completada,4277251.98
2025-05-13,08:06:29,INFO,web,user80,54.235.48.91,txn-0379,consignar,ahorros,Completada,1210554.94
2025-05-13,08:06:30,INFO,mobile,user79,48.58.4.217,txn-0380,transferir,ahorros,Completada,3734043.41
2025-05-13,08:06:31,INFO,api,user3,18.43.126.66,txn-0381,consignar,corriente,Completada,1025878.06
2025-05-13,08:06:32,INFO,web,user51,222.12.29.212,txn-0382,retirar,ahorros,Completada,4716573.18
2025-05-13,08:06:34,INFO,mobile,user11,123.42.164.4,txn-0384,consignar,corriente,Completada,1179798.74
2025-05-13,08:06:35,INFO,api,user6,52.13.135.233,txn-0385,retirar,corriente,Completada,1492599.25
2025-05-13,08:06:36,INFO,api,user85,195.31.244.38,txn-0386,transferir,corriente,Completada,1257242.23
2025-05-13,08:06:38,INFO,web,user14,80.172.107.19,txn-0388,consignar,ahorros,Completada,1836491.74
2025-05-13,08:06:39,INFO,web,user99,50.154.70.13,txn-0389,retirar,ahorros,Completada,548519.08
2025-05-13,08:06:42,INFO,api,user38,207.251.48.27,txn-0392,retirar,ahorros,Completada,2017098.91
2025-05-13,08:06:44,INFO,api,user84,216.89.149.201,txn-0394,consignar,corriente,Completada,23832.88
2025-05-13,08:06:45,INFO,web,user81,121.111.22.155,txn-0395,retirar,corriente,Completada,1491724.52
2025-05-13,08:06:46,INFO,api,user10,24.75.141.94,txn-0396,retirar,ahorros,Completada,1004651.04
2025-05-13,08:06:47,INFO,api,user61,180.246.150.198,txn-0397,consignar,corriente,Completada,270223.95
2025-05-13,08:06:48,INFO,web,user75,23.99.203.4,txn-0398,transferir,corriente,Completada,4820517.88
2025-05-13,08:06:49,INFO,web,user68,202.140.14.140,txn-0399,transferir,ahorros,Completada,265324.91
2025-05-13,08:06:50,INFO,mobile,user76,48.65.55.139,txn-0400,transferir,corriente,Completada,1870658.66
2025-05-13,08:06:51,INFO,web,user19,12.109.72.93,txn-0401,retirar,corriente,Completada,810012.17
2025-05-13,08:06:52,INFO,mobile,user42,219.134.27.207,txn-0402,retirar,corriente,Completada,1656329.29
2025-05-13,08:06:54,INFO,api,user88,83.93.52.205,txn-0404,retirar,ahorros,Completada,15216.0
2025-05-13,08:06:56,INFO,web,user21,4.162.255.74,txn-0406,consignar,corriente,Completada,2794432.56
2025-05-13,08:06:57,INFO,mobile,user47,19.236.29.179,txn-0407,transferir,ahorros,Completada,4730209.73
2025-05-13,08:06:58,INFO,web,user66,11.141.167.44,txn-0408,retirar,ahorros,Completada,4323455.87
2025-05-13,08:06:59,INFO,web,user55,70.171.198.240,txn-0409,consignar,ahorros,Completada,3631062.0
2025-05-13,08:07:01,INFO,mobile,user56,189.169.197.137,txn-0411,consignar,corriente,Completada,1354078.09
2025-05-13,08:07:02,INFO,api,user94,104.197.178.58,txn-0412,retirar,ahorros,Completada,3056128.02
2025-05-13,08:07:03,INFO,web,user34,164.183.239.247,txn-0413,consignar,corriente,Completada,3946120.43
2025-05-13,08:07:04,INFO,mobile,user33,148.210.215.182,txn-0414,consignar,corriente,Completada,67229.26
2025-05-13,08:07:05,INFO,api,user63,108.55.213.226,txn-0415,retirar,ahorros,Completada,4136397.1
2025-05-13,08:07:06,INFO,api,user42,95.182.141.134,txn-0416,retirar,corriente,Completada,3403615.11
2025-05-13,08:07:07,INFO,web,user96,119.214.211.132,txn-0417,transferir,ahorros,Completada,1116182.42
2025-05-13,08:07:08,INFO,web,user93,47.130.73.99,txn-0418,transferir,corriente,Completada,2596993.07
2025-05-13,08:07:09,INFO,api,user40,60.56.121.13,txn-0419,retirar,ahorros,Completada,3555710.63
2025-05-13,08:07:10,INFO,api,user30,113.203.38.224,txn-0420,retirar,ahorros,Completada,2332729.24
2025-05-13,08:07:11,INFO,api,user21,115.57.66.227,txn-0421,consignar,corriente,Completada,1555508.93
2025-05-13,08:07:12,INFO,api,user19,181.225.54.71,txn-0422,transferir,ahorros,Completada,4161763.39
2025-05-13,08:07:13,INFO,web,user24,130.253.143.115,txn-0423,transferir,ahorros,Completada,544222.6
2025-05-13,08:07:14,INFO,api,user38,56.213.108.61,txn-0424,retirar,corriente,Completada,1325378.03
2025-05-13,08:07:15,INFO,api,user95,114.111.166.64,txn-0425,retirar,corriente,Completada,3166319.33
2025-05-13,08:07:16,INFO,api,user43,201.214.116.55,txn-0426,transferir,corriente,Completada,1645158.25
2025-05-13,08:07:18,INFO,mobile,user45,114.28.5.239,txn-0428,transferir,ahorros,Completada,1403709.8
2025-05-13,08:07:19,INFO,mobile,user1,189.196.197.146,txn-0429,retirar,corriente,Completada,4622956.54
2025-05-13,08:07:20,INFO,api,user87,179.113.190.141,txn-0430,retirar,corriente,Completada,4586930.43
2025-05-13,08:07:21,INFO,web,user53,162.123.249.225,txn-0431,consignar,ahorros,Completada,3875310.01
2025-05-13,08:07:22,INFO,mobile,user55,159.178.56.108,txn-0432,consignar,ahorros,Completada,1656402.88
2025-05-13,08:07:23,INFO,mobile,user75,151.249.29.214,txn-0433,transferir,ahorros,Completada,4911191.27
2025-05-13,08:07:24,INFO,mobile,user6,165.139.161.2,txn-0434,consignar,ahorros,Completada,3687448.13
2025-05-13,08:07:25,INFO,web,user86,6.154.64.12,txn-0435,retirar,ahorros,Completada,3307727.53
2025-05-13,08:07:26,INFO,mobile,user91,207.219.9.116,txn-0436,transferir,corriente,Completada,3917141.97
2025-05-13,08:07:27,INFO,web,user43,81.116.126.205,txn-0437,transferir,ahorros,Completada,3144069.04
2025-05-13,08:07:28,INFO,web,user6,161.164.8.74,txn-0438,retirar,corriente,Completada,3906009.82
2025-05-13,08:07:29,INFO,api,user25,170.224.80.177,txn-0439,retirar,ahorros,Completada,3554190.59
2025-05-13,08:07:30,INFO,mobile,user9,50.239.72.74,txn-0440,retirar,ahorros,Completada,1806993.78
2025-05-13,08:07:31,INFO,api,user48,70.67.6.201,txn-0441,retirar,ahorros,Completada,2085113.41
2025-05-13,08:07:32,INFO,mobile,user89,87.84.159.43,txn-0442,consignar,ahorros,Completada,2179737.69
2025-05-13,08:07:33,INFO,api,user26,185.79.242.156,txn-0443,consignar,corriente,Completada,4725472.5
2025-05-13,08:07:34,INFO,mobile,user61,195.38.82.209,txn-0444,retirar,ahorros,Completada,4339319.68
2025-05-13,08:07:35,INFO,mobile,user26,61.177.206.241,txn-0445,retirar,corriente,Completada,3129720.84
2025-05-13,08:07:36,INFO,mobile,user11,181.156.149.250,txn-0446,consignar,ahorros,Completada,444817.9
2025-05-13,08:07:37,INFO,web,user18,56.196.59.154,txn-0447,transferir,ahorros,Completada,3180088.81
2025-05-13,08:07:38,INFO,mobile,user58,54.213.220.4,txn-0448,transferir,ahorros,Completada,4815501.29
2025-05-13,08:07:39,INFO,api,user63,140.204.181.9,txn-0449,transferir,ahorros,Completada,2136100.68
2025-05-13,08:07:40,INFO,mobile,user99,7.193.246.159,txn-0450,retirar,ahorros,Completada,4133743.6
2025-05-13,08:07:41,INFO,mobile,user15,24.202.190.0,txn-0451,retirar,corriente,Completada,4759898.46
2025-05-13,08:07:42,INFO,web,user86,111.255.231.4,txn-0452,transferir,ahorros,Completada,2567273.5
2025-05-13,08:07:44,INFO,api,user85,177.203.155.48,txn-0454,consignar,corriente,Completada,3038921.93
2025-05-13,08:07:46,INFO,mobile,user87,58.177.159.35,txn-0456,retirar,corriente,Completada,633289.55
2025-05-13,08:07:47,INFO,web,user31,124.208.208.240,txn-0457,retirar,corriente,Completada,3049555.86
2025-05-13,08:07:48,INFO,mobile,user59,64.226.82.159,txn-0458,transferir,ahorros,Completada,3162050.72
2025-05-13,08:07:49,INFO,web,user9,117.60.152.36,txn-0459,consignar,corriente,Completada,2095347.1
2025-05-13,08:07:50,INFO,web,user13,10.90.72.224,txn-0460,transferir,ahorros,Completada,2943548.38
2025-05-13,08:07:51,INFO,web,user59,168.22.54.60,txn-0461,transferir,corriente,Completada,1324325.15
2025-05-13,08:07:56,INFO,mobile,user20,105.128.64.0,txn-0466,retirar,corriente,Completada,1083294.99
2025-05-13,08:07:57,INFO,mobile,user91,217.147.5.109,txn-0467,consignar,ahorros,Completada,3969062.89
2025-05-13,08:07:58,INFO,mobile,user48,77.82.166.119,txn-0468,transferir,ahorros,Completada,722720.35
2025-05-13,08:08:00,INFO,web,user87,188.107.186.213,txn-0470,retirar,corriente,Completada,3775967.64
2025-05-13,08:08:01,INFO,mobile,user28,200.255.39.88,txn-0471,retirar,corriente,Completada,1634289.27
2025-05-13,08:08:04,INFO,mobile,user10,147.84.241.156,txn-0474,transferir,ahorros,Completada,4191488.96
2025-05-13,08:08:05,INFO,web,user62,48.0.129.235,txn-0475,transferir,corriente,Completada,3104173.61
2025-05-13,08:08:07,INFO,api,user88,138.203.80.64,txn-0477,transferir,corriente,Completada,1479648.96
2025-05-13,08:08:08,INFO,web,user22,55.191.174.134,txn-0478,transferir,corriente,Completada,4719329.2
2025-05-13,08:08:09,INFO,web,user38,105.191.61.46,txn-0479,transferir,ahorros,Completada,277362.71
2025-05-13,08:08:12,INFO,api,user14,144.222.49.93,txn-0482,retirar,ahorros,Completada,4897999.95
2025-05-13,08:08:13,INFO,api,user26,93.130.82.156,txn-0483,retirar,corriente,Completada,1380980.38
2025-05-13,08:08:14,INFO,mobile,user17,101.110.127.74,txn-0484,consignar,corriente,Completada,2933809.26
2025-05-13,08:08:15,INFO,web,user33,137.71.51.245,txn-0485,retirar,corriente,Completada,3022695.09
2025-05-13,08:08:16,INFO,web,user66,179.128.176.130,txn-0486,consignar,corriente,Completada,2395163.96
2025-05-13,08:08:17,INFO,web,user87,171.228.80.151,txn-0487,transferir,corriente,Completada,584153.02
2025-05-13,08:08:18,INFO,api,user80,180.35.88.121,txn-0488,consignar,ahorros,Completada,813725.26
2025-05-13,08:08:20,INFO,mobile,user8,33.143.100.138,txn-0490,transferir,corriente,Completada,221800.04
2025-05-13,08:08:21,INFO,web,user50,218.185.248.6,txn-0491,transferir,ahorros,Completada,947244.55
2025-05-13,08:08:22,INFO,mobile,user75,204.1.110.210,txn-0492,retirar,corriente,Completada,2334093.72
2025-05-13,08:08:24,INFO,web,user76,2.192.19.21,txn-0494,transferir,ahorros,Completada,2022250.27
2025-05-13,08:08:25,INFO,mobile,user51,219.18.58.152,txn-0495,consignar,ahorros,Completada,1236321.68
2025-05-13,08:08:26,INFO,api,user22,24.173.20.172,txn-0496,consignar,corriente,Completada,1806529.02
2025-05-13,08:08:27,INFO,web,user44,82.239.111.122,txn-0497,transferir,corriente,Completada,2525262.12
2025-05-13,08:08:28,INFO,web,user25,206.12.128.10,txn-0498,retirar,ahorros,Completada,3545423.03
2025-05-13,08:08:29,INFO,api,user1,12.68.148.254,txn-0499,transferir,ahorros,Completada,4348393.11
2025-05-13,08:08:30,INFO,mobile,user54,69.217.68.53,txn-0500,retirar,ahorros,Completada,1892279.32
2025-05-13,08:08:31,INFO,mobile,user86,220.92.38.203,txn-0501,consignar,corriente,Completada,3658005.71
2025-05-13,08:08:32,INFO,mobile,user88,115.109.245.127,txn-0502,consignar,corriente,Completada,3034143.14
2025-05-13,08:08:33,INFO,web,user14,73.202.51.146,txn-0503,consignar,corriente,Completada,757537.4
2025-05-13,08:08:34,INFO,web,user88,98.105.86.241,txn-0504,retirar,ahorros,Completada,3209470.37
2025-05-13,08:08:35,INFO,mobile,user93,172.100.117.125,txn-0505,transferir,corriente,Completada,4186214.7
2025-05-13,08:08:36,INFO,mobile,user71,32.107.42.75,txn-0506,transferir,corriente,Completada,2083022.36
2025-05-13,08:08:37,INFO,web,user72,189.153.172.99,txn-0507,transferir,ahorros,Completada,1218339.67
2025-05-13,08:08:38,INFO,mobile,user42,163.73.253.217,txn-0508,retirar,corriente,Completada,2040064.96
2025-05-13,08:08:39,INFO,mobile,user62,51.100.228.82,txn-0509,consignar,corriente,Completada,2186913.14
2025-05-13,08:08:40,INFO,web,user49,201.240.209.10,txn-0510,retirar,corriente,Completada,1019561.56
2025-05-13,08:08:41,INFO,api,user81,57.149.240.157,txn-0511,consignar,ahorros,Completada,1158699.24
2025-05-13,08:08:42,INFO,api,user1,4.131.20.5,txn-0512,transferir,ahorros,Completada,1892886.57
2025-05-13,08:08:43,INFO,mobile,user64,108.111.69.241,txn-0513,retirar,corriente,Completada,447907.65
2025-05-13,08:08:45,INFO,web,user49,87.63.219.24,txn-0515,retirar,ahorros,Completada,4450186.22
2025-05-13,08:08:46,INFO,mobile,user78,109.162.235.189,txn-0516,transferir,corriente,Completada,4477931.14
2025-05-13,08:08:47,INFO,api,user78,202.87.19.251,txn-0517,consignar,ahorros,Completada,576045.25
2025-05-13,08:08:48,INFO,mobile,user66,138.130.137.99,txn-0518,transferir,ahorros,Completada,1417859.14
2025-05-13,08:08:49,INFO,web,user15,79.85.52.26,txn-0519,transferir,corriente,Completada,3616141.81
2025-05-13,08:08:50,INFO,api,user35,35.82.127.228,txn-0520,retirar,ahorros,Completada,3404417.65
2025-05-13,08:08:51,INFO,web,user64,104.187.151.20,txn-0521,consignar,ahorros,Completada,1850945.25
2025-05-13,08:08:53,INFO,api,user69,132.242.186.72,txn-0523,retirar,corriente,Completada,3183580.65
2025-05-13,08:08:54,INFO,api,user17,177.166.238.212,txn-0524,retirar,ahorros,Completada,1278163.93
2025-05-13,08:08:55,INFO,web,user41,44.254.94.146,txn-0525,consignar,ahorros,Completada,647819.97
2025-05-13,08:08:56,INFO,mobile,user79,183.186.210.26,txn-0526,consignar,ahorros,Completada,4702717.15
2025-05-13,08:08:57,INFO,web,user4,84.37.211.252,txn-0527,retirar,ahorros,Completada,4810339.91
2025-05-13,08:08:58,INFO,web,user84,163.88.108.160,txn-0528,retirar,ahorros,Completada,3344782.73
2025-05-13,08:08:59,INFO,web,user30,58.26.203.87,txn-0529,transferir,ahorros,Completada,3652719.89
2025-05-13,08:09:00,INFO,web,user70,210.177.152.92,txn-0530,retirar,corriente,Completada,4009905.76
2025-05-13,08:09:01,INFO,web,user17,20.60.242.122,txn-0531,consignar,corriente,Completada,1088758.03
2025-05-13,08:09:02,INFO,mobile,user14,74.181.187.62,txn-0532,transferir,ahorros,Completada,4850667.62
2025-05-13,08:09:03,INFO,web,user48,204.97.182.159,txn-0533,consignar,ahorros,Completada,1393529.85
2025-05-13,08:09:04,INFO,api,user70,198.159.66.62,txn-0534,transferir,ahorros,Completada,3792451.73
2025-05-13,08:09:05,INFO,api,user94,128.129.245.174,txn-0535,transferir,ahorros,Completada,4816150.74
2025-05-13,08:09:07,INFO,mobile,user11,104.112.177.216,txn-0537,retirar,ahorros,Completada,1584453.49
2025-05-13,08:09:08,INFO,api,user47,16.109.167.201,txn-0538,consignar,ahorros,Completada,3714951.2
2025-05-13,08:09:09,INFO,web,user94,73.150.172.191,txn-0539,transferir,corriente,Completada,4820351.83
2025-05-13,08:09:10,INFO,mobile,user4,148.1.26.89,txn-0540,consignar,ahorros,Completada,3269813.86
2025-05-13,08:09:11,INFO,mobile,user52,94.10.48.171,txn-0541,retirar,corriente,Completada,2098065.58
2025-05-13,08:09:12,INFO,api,user58,135.254.221.174,txn-0542,transferir,ahorros,Completada,3663471.87
2025-05-13,08:09:13,INFO,mobile,user53,75.102.78.107,txn-0543,consignar,corriente,Completada,2381034.33
2025-05-13,08:09:14,INFO,web,user27,113.37.93.96,txn-0544,transferir,corriente,Completada,4207752.16
2025-05-13,08:09:16,INFO,mobile,user16,44.222.64.114,txn-0546,retirar,ahorros,Completada,4249676.84
2025-05-13,08:09:17,INFO,web,user87,132.94.58.52,txn-0547,transferir,ahorros,Completada,2523082.4
2025-05-13,08:09:18,INFO,api,user62,219.37.30.90,txn-0548,retirar,ahorros,Completada,1025318.09
2025-05-13,08:09:19,INFO,mobile,user94,182.163.178.23,txn-0549,consignar,corriente,Completada,3165094.61
2025-05-13,08:09:20,INFO,api,user64,133.98.222.160,txn-0550,retirar,ahorros,Completada,2919154.21
2025-05-13,08:09:21,INFO,web,user69,170.122.204.113,txn-0551,transferir,ahorros,Completada,2003799.64
2025-05-13,08:09:22,INFO,api,user94,15.248.215.235,txn-0552,transferir,ahorros,Completada,1105136.71
2025-05-13,08:09:23,INFO,mobile,user5,218.152.182.214,txn-0553,retirar,ahorros,Completada,1811967.16
2025-05-13,08:09:24,INFO,web,user60,169.15.209.18,txn-0554,retirar,corriente,Completada,232733.96
2025-05-13,08:09:25,INFO,web,user46,136.230.0.223,txn-0555,retirar,ahorros,Completada,4957778.19
2025-05-13,08:09:26,INFO,web,user100,3.18.250.251,txn-0556,transferir,ahorros,Completada,1329609.11
2025-05-13,08:09:27,INFO,web,user69,52.46.109.45,txn-0557,retirar,ahorros,Completada,3038082.37
2025-05-13,08:09:28,INFO,mobile,user20,135.143.105.247,txn-0558,retirar,corriente,Completada,1215748.88
2025-05-13,08:09:29,INFO,web,user87,68.140.77.48,txn-0559,consignar,corriente,Completada,3399117.08
2025-05-13,08:09:31,INFO,api,user88,143.32.207.17,txn-0561,consignar,corriente,Completada,3806419.86
2025-05-13,08:09:32,INFO,api,user68,16.227.216.78,txn-0562,retirar,corriente,Completada,1028913.81
2025-05-13,08:09:33,INFO,web,user84,36.199.66.34,txn-0563,consignar,ahorros,Completada,2736622.76
2025-05-13,08:09:34,INFO,mobile,user30,52.199.94.16,txn-0564,retirar,corriente,Completada,3951403.09
2025-05-13,08:09:35,INFO,mobile,user100,210.20.151.121,txn-0565,transferir,ahorros,Completada,864940.41
2025-05-13,08:09:36,INFO,api,user14,15.96.15.66,txn-0566,consignar,corriente,Completada,4528760.79
2025-05-13,08:09:38,INFO,mobile,user51,166.66.85.109,txn-0568,retirar,ahorros,Completada,3877805.18
2025-05-13,08:09:40,INFO,mobile,user48,210.227.214.111,txn-0570,retirar,corriente,Completada,221581.85
2025-05-13,08:09:41,INFO,api,user74,207.85.139.49,txn-0571,transferir,ahorros,Completada,3175562.15
2025-05-13,08:09:42,INFO,api,user56,126.138.11.9,txn-0572,transferir,ahorros,Completada,3619528.89
2025-05-13,08:09:44,INFO,mobile,user2,163.243.21.183,txn-0574,retirar,corriente,Completada,999705.42
2025-05-13,08:09:45,INFO,mobile,user91,91.104.201.149,txn-0575,retirar,ahorros,Completada,1508288.51
2025-05-13,08:09:46,INFO,mobile,user72,181.232.121.112,txn-0576,consignar,ahorros,Completada,2216447.76
2025-05-13,08:09:47,INFO,api,user76,6.217.7.165,txn-0577,retirar,corriente,Completada,1470671.66
2025-05-13,08:09:48,INFO,web,user12,16.173.174.237,txn-0578,retirar,corriente,Completada,3263932.59
2025-05-13,08:09:49,INFO,api,user19,75.31.124.37,txn-0579,transferir,corriente,Completada,740872.42
2025-05-13,08:09:50,INFO,web,user27,93.232.193.168,txn-0580,transferir,corriente,Completada,4996641.38
2025-05-13,08:09:51,INFO,mobile,user23,126.236.245.194,txn-0581,consignar,corriente,Completada,4962297.34
2025-05-13,08:09:52,INFO,web,user56,108.82.161.35,txn-0582,transferir,corriente,Completada,2673509.15
2025-05-13,08:09:53,INFO,mobile,user94,38.8.220.138,txn-0583,transferir,ahorros,Completada,2077397.73
2025-05-13,08:09:54,INFO,web,user62,156.128.243.41,txn-0584,retirar,corriente,Completada,1663947.93
2025-05-13,08:09:55,INFO,api,user51,36.71.163.194,txn-0585,consignar,ahorros,Completada,2018707.58
2025-05-13,08:09:56,INFO,api,user23,58.209.186.250,txn-0586,consignar,ahorros,Completada,4430735.52
2025-05-13,08:09:57,INFO,mobile,user25,181.165.243.153,txn-0587,consignar,corriente,Completada,1549989.56
2025-05-13,08:09:58,INFO,mobile,user16,103.220.81.70,txn-0588,retirar,ahorros,Completada,1441371.29
2025-05-13,08:09:59,INFO,api,user26,25.252.194.89,txn-0589,consignar,ahorros,Completada,4808512.11
2025-05-13,08:10:00,INFO,api,user25,214.34.30.209,txn-0590,retirar,ahorros,Completada,400028.54
2025-05-13,08:10:01,INFO,mobile,user41,191.251.15.78,txn-0591,consignar,ahorros,Completada,3216448.5
2025-05-13,08:10:02,INFO,mobile,user23,45.234.226.37,txn-0592,consignar,ahorros,Completada,2655293.24
2025-05-13,08:10:03,INFO,web,user26,103.181.162.190,txn-0593,consignar,ahorros,Completada,4551211.85
2025-05-13,08:10:04,INFO,api,user11,80.52.223.220,txn-0594,retirar,ahorros,Completada,747190.68
2025-05-13,08:10:05,INFO,api,user6,183.163.237.225,txn-0595,transferir,ahorros,Completada,837545.12
2025-05-13,08:10:06,INFO,mobile,user56,51.247.241.253,txn-0596,transferir,ahorros,Completada,3094433.73
2025-05-13,08:10:07,INFO,web,user89,138.66.236.12,txn-0597,transferir,corriente,Completada,1671864.17
2025-05-13,08:10:08,INFO,api,user78,175.184.90.101,txn-0598,retirar,corriente,Completada,3096399.08
2025-05-13,08:10:09,INFO,web,user20,217.192.179.208,txn-0599,transferir,corriente,Completada,2327522.72
2025-05-13,08:10:10,INFO,web,user5,155.67.89.161,txn-0600,retirar,corriente,Completada,624754.32
2025-05-13,08:10:11,INFO,mobile,user95,20.174.183.36,txn-0601,consignar,corriente,Completada,2507731.24
2025-05-13,08:10:12,INFO,api,user52,62.114.193.220,txn-0602,transferir,corriente,Completada,4707633.03
2025-05-13,08:10:13,INFO,web,user95,42.90.42.198,txn-0603,consignar,corriente,Completada,1714661.08
2025-05-13,08:10:14,INFO,mobile,user67,221.169.130.253,txn-0604,transferir,ahorros,Completada,4787623.66
2025-05-13,08:10:15,INFO,web,user58,61.119.86.111,txn-0605,consignar,corriente,Completada,991792.35
2025-05-13,08:10:16,INFO,web,user7,23.55.255.246,txn-0606,consignar,ahorros,Completada,2166759.58
2025-05-13,08:10:17,INFO,mobile,user45,90.101.232.230,txn-0607,consignar,ahorros,Completada,3025137.71
2025-05-13,08:10:18,INFO,api,user73,6.163.179.94,txn-0608,retirar,corriente,Completada,149630.5
2025-05-13,08:10:19,INFO,mobile,user95,109.191.173.208,txn-0609,retirar,ahorros,Completada,843381.26
2025-05-13,08:10:20,INFO,web,user83,205.148.131.162,txn-0610,consignar,corriente,Completada,4505863.02
2025-05-13,08:10:21,INFO,mobile,user37,54.249.141.34,txn-0611,transferir,ahorros,Completada,4804421.69
2025-05-13,08:10:24,INFO,mobile,user17,83.12.238.28,txn-0614,transferir,ahorros,Completada,1834886.64
2025-05-13,08:10:25,INFO,web,user3,114.244.95.43,txn-0615,retirar,corriente,Completada,4336156.62
2025-05-13,08:10:26,INFO,api,user62,145.187.31.45,txn-0616,transferir,ahorros,Completada,1824374.99
2025-05-13,08:10:27,INFO,mobile,user60,120.60.136.168,txn-0617,consignar,ahorros,Completada,1515312.59
2025-05-13,08:10:28,INFO,mobile,user96,20.66.52.114,txn-0618,consignar,ahorros,Completada,1121311.13
2025-05-13,08:10:30,INFO,web,user59,14.112.30.52,txn-0620,retirar,corriente,Completada,3735275.29
2025-05-13,08:10:31,INFO,web,user33,35.6.216.250,txn-0621,consignar,corriente,Completada,93041.13
2025-05-13,08:10:32,INFO,web,user58,78.169.97.125,txn-0622,retirar,ahorros,Completada,2253598.52
2025-05-13,08:10:33,INFO,web,user78,209.148.27.98,txn-0623,consignar,corriente,Completada,2188673.18
2025-05-13,08:10:34,INFO,web,user33,41.90.204.189,txn-0624,consignar,corriente,Completada,3090315.82
2025-05-13,08:10:35,INFO,mobile,user88,93.53.181.60,txn-0625,consignar,ahorros,Completada,4033065.88
2025-05-13,08:10:36,INFO,web,user92,111.228.192.144,txn-0626,consignar,corriente,Completada,4391490.67
2025-05-13,08:10:37,INFO,api,user80,63.243.22.80,txn-0627,consignar,corriente,Completada,4859188.3
2025-05-13,08:10:38,INFO,web,user59,55.25.207.240,txn-0628,transferir,corriente,Completada,45412.33
2025-05-13,08:10:39,INFO,mobile,user96,214.238.178.168,txn-0629,retirar,ahorros,Completada,1271653.57
2025-05-13,08:10:40,INFO,api,user77,204.167.162.31,txn-0630,transferir,ahorros,Completada,4576594.83
2025-05-13,08:10:41,INFO,mobile,user63,37.186.21.5,txn-0631,transferir,corriente,Completada,2727981.24
2025-05-13,08:10:42,INFO,web,user93,41.90.61.83,txn-0632,consignar,corriente,Completada,546694.91
2025-05-13,08:10:45,INFO,api,user40,29.13.56.138,txn-0635,consignar,corriente,Completada,2836720.04
2025-05-13,08:10:47,INFO,web,user82,41.4.236.87,txn-0637,transferir,corriente,Completada,1959582.28
2025-05-13,08:10:48,INFO,web,user59,128.47.157.182,txn-0638,transferir,ahorros,Completada,1765530.81
2025-05-13,08:10:49,INFO,mobile,user59,97.161.194.226,txn-0639,consignar,ahorros,Completada,1629551.09
2025-05-13,08:10:51,INFO,mobile,user27,163.59.50.159,txn-0641,consignar,corriente,Completada,2763125.2
2025-05-13,08:10:52,INFO,mobile,user67,146.178.146.79,txn-0642,consignar,ahorros,Completada,3315029.98
2025-05-13,08:10:53,INFO,api,user21,160.7.31.25,txn-0643,consignar,corriente,Completada,4312103.97
2025-05-13,08:10:54,INFO,api,user92,12.21.73.13,txn-0644,retirar,corriente,Completada,3085810.3
2025-05-13,08:10:55,INFO,api,user16,115.216.5.165,txn-0645,retirar,ahorros,Completada,465893.18
2025-05-13,08:10:56,INFO,web,user82,120.154.166.247,txn-0646,transferir,ahorros,Completada,4100309.63
2025-05-13,08:10:57,INFO,api,user99,75.215.80.181,txn-0647,retirar,ahorros,Completada,2597045.9
2025-05-13,08:10:58,INFO,api,user80,178.200.2.28,txn-0648,retirar,ahorros,Completada,2282763.09
2025-05-13,08:10:59,INFO,mobile,user89,169.51.7.192,txn-0649,consignar,corriente,Completada,2893350.22
2025-05-13,08:11:00,INFO,api,user46,202.242.137.80,txn-0650,retirar,corriente,Completada,4414682.42
2025-05-13,08:11:01,INFO,mobile,user76,69.214.193.228,txn-0651,consignar,corriente,Completada,2713194.79
2025-05-13,08:11:02,INFO,api,user64,116.183.89.15,txn-0652,transferir,ahorros,Completada,2849034.69
2025-05-13,08:11:03,INFO,web,user21,146.45.99.54,txn-0653,transferir,corriente,Completada,719289.96
2025-05-13,08:11:04,INFO,mobile,user48,36.45.196.187,txn-0654,transferir,ahorros,Completada,3352976.86
2025-05-13,08:11:05,INFO,web,user15,66.172.62.57,txn-0655,consignar,ahorros,Completada,193924.01
2025-05-13,08:11:06,INFO,web,user91,112.65.179.238,txn-0656,retirar,corriente,Completada,1503106.35
2025-05-13,08:11:07,INFO,mobile,user54,115.117.80.125,txn-0657,transferir,ahorros,Completada,522007.04
2025-05-13,08:11:08,INFO,api,user68,200.50.208.205,txn-0658,retirar,corriente,Completada,1973216.84
2025-05-13,08:11:09,INFO,web,user24,126.247.139.103,txn-0659,consignar,ahorros,Completada,100926.65
2025-05-13,08:11:10,INFO,web,user16,51.220.46.78,txn-0660,retirar,ahorros,Completada,1489551.63
2025-05-13,08:11:11,INFO,web,user8,152.228.214.76,txn-0661,retirar,corriente,Completada,536990.41
2025-05-13,08:11:12,INFO,api,user90,192.52.7.60,txn-0662,consignar,ahorros,Completada,232541.22
2025-05-13,08:11:13,INFO,web,user18,111.215.47.86,txn-0663,transferir,corriente,Completada,4726768.01
2025-05-13,08:11:14,INFO,mobile,user63,22.11.102.96,txn-0664,transferir,corriente,Completada,2567547.68
2025-05-13,08:11:15,INFO,api,user73,184.112.198.147,txn-0665,consignar,corriente,Completada,3427286.2
2025-05-13,08:11:16,INFO,web,user29,111.196.88.130,txn-0666,retirar,ahorros,Completada,183493.07
2025-05-13,08:11:17,INFO,web,user83,58.114.83.48,txn-0667,retirar,corriente,Completada,3140206.33
2025-05-13,08:11:18,INFO,mobile,user60,3.112.21.148,txn-0668,retirar,corriente,Completada,356834.8
2025-05-13,08:11:19,INFO,web,user41,119.62.29.60,txn-0669,consignar,corriente,Completada,4673137.35
2025-05-13,08:11:20,INFO,api,user12,106.188.179.108,txn-0670,transferir,corriente,Completada,3863291.67
2025-05-13,08:11:21,INFO,mobile,user78,30.162.212.73,txn-0671,consignar,ahorros,Completada,875850.96
2025-05-13,08:11:23,INFO,web,user84,150.227.202.138,txn-0673,retirar,ahorros,Completada,2021986.88
2025-05-13,08:11:24,INFO,api,user49,166.201.156.43,txn-0674,transferir,corriente,Completada,776166.74
2025-05-13,08:11:25,INFO,mobile,user44,223.176.203.26,txn-0675,consignar,corriente,Completada,4322298.68
2025-05-13,08:11:26,INFO,mobile,user55,189.50.79.166,txn-0676,retirar,ahorros,Completada,3467154.48
2025-05-13,08:11:27,INFO,web,user56,27.205.28.35,txn-0677,transferir,ahorros,Completada,1343351.45
2025-05-13,08:11:28,INFO,web,user18,31.36.183.101,txn-0678,retirar,ahorros,Completada,2595365.12
2025-05-13,08:11:29,INFO,web,user100,100.140.223.38,txn-0679,consignar,corriente,Completada,4217551.59
2025-05-13,08:11:30,INFO,mobile,user92,15.171.40.107,txn-0680,transferir,corriente,Completada,546687.86
2025-05-13,08:11:31,INFO,web,user28,55.48.168.220,txn-0681,consignar,corriente,Completada,1217230.76
2025-05-13,08:11:32,INFO,api,user55,108.196.94.43,txn-0682,retirar,corriente,Completada,4503306.35
2025-05-13,08:11:33,INFO,web,user32,132.100.181.168,txn-0683,consignar,corriente,Completada,2234644.13
2025-05-13,08:11:34,INFO,mobile,user10,3.223.203.134,txn-0684,transferir,ahorros,Completada,411438.51
2025-05-13,08:11:35,INFO,api,user23,117.158.28.1,txn-0685,transferir,ahorros,Completada,2887224.97
2025-05-13,08:11:36,INFO,mobile,user50,69.112.182.33,txn-0686,retirar,ahorros,Completada,601206.96
2025-05-13,08:11:37,INFO,api,user24,122.50.54.223,txn-0687,retirar,ahorros,Completada,1358768.19
2025-05-13,08:11:38,INFO,mobile,user20,210.123.40.136,txn-0688,transferir,ahorros,Completada,4408409.94
2025-05-13,08:11:40,INFO,api,user90,175.44.250.132,txn-0690,consignar,ahorros,Completada,4382300.96
2025-05-13,08:11:42,INFO,web,user65,80.159.51.213,txn-0692,transferir,corriente,Completada,4230348.05
2025-05-13,08:11:43,INFO,web,user85,193.201.78.133,txn-0693,transferir,ahorros,Completada,4577451.47
2025-05-13,08:11:44,INFO,api,user84,139.94.172.56,txn-0694,retirar,ahorros,Completada,2581133.56
2025-05-13,08:11:47,INFO,mobile,user88,20.178.176.44,txn-0697,transferir,ahorros,Completada,285625.28
2025-05-13,08:11:48,INFO,api,user89,12.234.38.177,txn-0698,retirar,ahorros,Completada,3946664.65
2025-05-13,08:11:50,INFO,mobile,user43,31.20.162.166,txn-0700,transferir,corriente,Completada,3943289.81
2025-05-13,08:11:51,INFO,mobile,user48,198.242.121.194,txn-0701,retirar,ahorros,Completada,3303858.23
2025-05-13,08:11:52,INFO,web,user19,105.66.7.253,txn-0702,consignar,corriente,Completada,507149.88
2025-05-13,08:11:54,INFO,api,user5,41.181.7.189,txn-0704,retirar,ahorros,Completada,1850435.71
2025-05-13,08:11:55,INFO,api,user81,193.221.73.95,txn-0705,consignar,ahorros,Completada,1251125.0
2025-05-13,08:11:56,INFO,web,user53,88.144.18.105,txn-0706,transferir,ahorros,Completada,4451734.69
2025-05-13,08:11:57,INFO,mobile,user85,130.140.226.177,txn-0707,retirar,corriente,Completada,2413920.38
2025-05-13,08:11:58,INFO,api,user22,25.129.70.107,txn-0708,consignar,corriente,Completada,1783532.78
2025-05-13,08:11:59,INFO,web,user95,159.226.49.207,txn-0709,consignar,ahorros,Completada,827771.58
2025-05-13,08:12:00,INFO,web,user15,28.245.153.184,txn-0710,retirar,corriente,Completada,3796051.25
2025-05-13,08:12:01,INFO,web,user12,35.106.70.215,txn-0711,transferir,ahorros,Completada,278484.14
2025-05-13,08:12:02,INFO,web,user51,89.210.187.238,txn-0712,retirar,corriente,Completada,3564891.07
2025-05-13,08:12:03,INFO,mobile,user88,222.107.5.91,txn-0713,retirar,ahorros,Completada,3004504.22
2025-05-13,08:12:04,INFO,mobile,user34,199.42.103.206,txn-0714,consignar,corriente,Completada,854308.9
2025-05-13,08:12:05,INFO,mobile,user57,80.170.63.49,txn-0715,retirar,ahorros,Completada,3676022.65
2025-05-13,08:12:06,INFO,api,user24,160.223.183.24,txn-0716,consignar,ahorros,Completada,2893948.65
2025-05-13,08:12:07,INFO,mobile,user66,93.45.130.64,txn-0717,consignar,corriente,Completada,3440056.32
2025-05-13,08:12:08,INFO,api,user34,126.146.127.144,txn-0718,transferir,ahorros,Completada,434638.43
2025-05-13,08:12:09,INFO,web,user16,86.180.166.232,txn-0719,transferir,corriente,Completada,1800304.25
2025-05-13,08:12:11,INFO,mobile,user25,9.135.184.148,txn-0721,consignar,ahorros,Completada,4611018.42
2025-05-13,08:12:12,INFO,api,user38,60.167.111.36,txn-0722,consignar,ahorros,Completada,4936639.16
2025-05-13,08:12:13,INFO,web,user10,58.74.110.162,txn-0723,consignar,corriente,Completada,2423137.86
2025-05-13,08:12:14,INFO,mobile,user47,64.147.151.241,txn-0724,retirar,corriente,Completada,1893825.86
2025-05-13,08:12:15,INFO,api,user69,28.83.11.253,txn-0725,transferir,corriente,Completada,4786028.96
2025-05-13,08:12:17,INFO,web,user88,135.21.173.24,txn-0727,retirar,corriente,Completada,2782631.89
2025-05-13,08:12:18,INFO,mobile,user73,18.57.146.16,txn-0728,retirar,ahorros,Completada,2503368.32
2025-05-13,08:12:19,INFO,web,user7,38.106.203.78,txn-0729,retirar,ahorros,Completada,3640963.92
2025-05-13,08:12:21,INFO,web,user4,3.123.160.207,txn-0731,retirar,ahorros,Completada,2168486.41
2025-05-13,08:12:22,INFO,web,user1,217.85.13.124,txn-0732,consignar,corriente,Completada,971102.63
2025-05-13,08:12:23,INFO,web,user8,65.207.142.69,txn-0733,transferir,corriente,Completada,4065958.92
2025-05-13,08:12:24,INFO,api,user23,46.198.216.206,txn-0734,retirar,corriente,Completada,2834186.64
2025-05-13,08:12:26,INFO,web,user22,173.109.199.60,txn-0736,transferir,ahorros,Completada,2908733.15
2025-05-13,08:12:27,INFO,api,user71,125.248.6.185,txn-0737,consignar,ahorros,Completada,4744636.36
2025-05-13,08:12:28,INFO,api,user84,120.61.248.108,txn-0738,transferir,ahorros,Completada,4239624.61
2025-05-13,08:12:29,INFO,mobile,user28,6.163.123.48,txn-0739,consignar,corriente,Completada,4278474.87
2025-05-13,08:12:30,INFO,api,user90,50.133.19.6,txn-0740,transferir,ahorros,Completada,4557365.49
2025-05-13,08:12:31,INFO,mobile,user98,52.36.64.32,txn-0741,retirar,ahorros,Completada,2333860.73
2025-05-13,08:12:32,INFO,api,user39,15.168.157.51,txn-0742,retirar,corriente,Completada,453279.75
2025-05-13,08:12:33,INFO,api,user59,98.75.186.79,txn-0743,retirar,corriente,Completada,1140850.67
2025-05-13,08:12:34,INFO,api,user28,57.255.35.205,txn-0744,consignar,corriente,Completada,3901557.09
2025-05-13,08:12:35,INFO,web,user28,201.60.71.5,txn-0745,transferir,corriente,Completada,1880173.36
2025-05-13,08:12:36,INFO,api,user38,102.144.142.9,txn-0746,transferir,corriente,Completada,2892758.01
2025-05-13,08:12:37,INFO,api,user28,60.181.141.243,txn-0747,consignar,ahorros,Completada,2397444.83
2025-05-13,08:12:38,INFO,web,user51,18.202.208.13,txn-0748,retirar,ahorros,Completada,1778679.77
2025-05-13,08:12:39,INFO,mobile,user85,183.182.33.12,txn-0749,transferir,corriente,Completada,473851.71
2025-05-13,08:12:40,INFO,api,user96,58.72.159.123,txn-0750,transferir,ahorros,Completada,1300495.63
2025-05-13,08:12:41,INFO,api,user43,40.153.2.112,txn-0751,consignar,corriente,Completada,3218236.15
2025-05-13,08:12:42,INFO,mobile,user86,195.131.58.153,txn-0752,retirar,ahorros,Completada,1949129.65
2025-05-13,08:12:43,INFO,api,user50,178.123.40.124,txn-0753,retirar,ahorros,Completada,827052.2
2025-05-13,08:12:44,INFO,api,user3,159.32.82.15,txn-0754,transferir,ahorros,Completada,2820879.2
2025-05-13,08:12:45,INFO,web,user54,195.152.8.222,txn-0755,transferir,corriente,Completada,3025752.94
2025-05-13,08:12:46,INFO,api,user21,173.229.103.162,txn-0756,retirar,corriente,Completada,4420111.34
2025-05-13,08:12:47,INFO,mobile,user37,206.15.217.166,txn-0757,transferir,corriente,Completada,3977134.61
2025-05-13,08:12:49,INFO,mobile,user19,192.115.24.33,txn-0759,consignar,corriente,Completada,2464568.85
2025-05-13,08:12:50,INFO,api,user71,199.77.13.27,txn-0760,transferir,ahorros,Completada,3435688.37
2025-05-13,08:12:51,INFO,web,user35,172.33.127.6,txn-0761,consignar,ahorros,Completada,4295957.88
2025-05-13,08:12:52,INFO,mobile,user66,119.180.73.250,txn-0762,retirar,corriente,Completada,4919115.45
2025-05-13,08:12:53,INFO,web,user29,220.191.79.122,txn-0763,consignar,corriente,Completada,3988671.6
2025-05-13,08:12:54,INFO,web,user17,111.22.157.48,txn-0764,consignar,ahorros,Completada,1858174.14
2025-05-13,08:12:56,INFO,web,user80,120.155.44.162,txn-0766,consignar,corriente,Completada,3976635.98
2025-05-13,08:12:57,INFO,api,user54,36.227.105.93,txn-0767,retirar,ahorros,Completada,437264.7
2025-05-13,08:12:59,INFO,api,user89,114.62.38.3,txn-0769,retirar,corriente,Completada,1363508.07
2025-05-13,08:13:00,INFO,web,user95,203.152.58.110,txn-0770,consignar,corriente,Completada,722481.28
2025-05-13,08:13:02,INFO,mobile,user95,205.33.87.86,txn-0772,consignar,ahorros,Completada,4554240.28
2025-05-13,08:13:03,INFO,api,user6,72.35.19.160,txn-0773,transferir,ahorros,Completada,3529394.68
2025-05-13,08:13:04,INFO,web,user33,107.22.115.180,txn-0774,retirar,ahorros,Completada,2879148.28
2025-05-13,08:13:05,INFO,mobile,user32,133.144.138.56,txn-0775,transferir,corriente,Completada,4715252.03
2025-05-13,08:13:06,INFO,mobile,user86,130.206.74.250,txn-0776,consignar,ahorros,Completada,4122608.13
2025-05-13,08:13:07,INFO,api,user97,135.24.112.80,txn-0777,transferir,ahorros,Completada,2991553.69
2025-05-13,08:13:08,INFO,web,user2,169.196.108.120,txn-0778,consignar,corriente,Completada,4985914.05
2025-05-13,08:13:09,INFO,api,user68,165.212.18.127,txn-0779,transferir,ahorros,Completada,2717392.1
2025-05-13,08:13:10,INFO,api,user56,14.24.26.139,txn-0780,transferir,corriente,Completada,1717505.53
2025-05-13,08:13:11,INFO,api,user1,80.228.2.84,txn-0781,retirar,ahorros,Completada,3268294.83
2025-05-13,08:13:12,INFO,api,user83,30.123.37.158,txn-0782,transferir,ahorros,Completada,2693523.87
2025-05-13,08:13:13,INFO,web,user59,212.93.244.7,txn-0783,transferir,ahorros,Completada,4503881.96
2025-05-13,08:13:14,INFO,web,user38,222.151.54.37,txn-0784,retirar,ahorros,Completada,2316807.35
2025-05-13,08:13:15,INFO,web,user7,111.158.73.102,txn-0785,consignar,corriente,Completada,624670.7
2025-05-13,08:13:16,INFO,api,user75,183.240.199.54,txn-0786,retirar,corriente,Completada,3489886.36
2025-05-13,08:13:17,INFO,mobile,user35,38.70.250.7,txn-0787,consignar,corriente,Completada,2434808.1
2025-05-13,08:13:18,INFO,api,user48,48.159.117.111,txn-0788,retirar,ahorros,Completada,3290115.86
2025-05-13,08:13:19,INFO,api,user91,85.125.193.206,txn-0789,retirar,ahorros,Completada,1473837.88
2025-05-13,08:13:22,INFO,web,user66,172.1.227.147,txn-0792,consignar,ahorros,Completada,3795670.36
2025-05-13,08:13:23,INFO,api,user42,109.225.223.22,txn-0793,retirar,ahorros,Completada,688678.08
2025-05-13,08:13:24,INFO,mobile,user10,113.46.172.86,txn-0794,transferir,corriente,Completada,3255427.76
2025-05-13,08:13:25,INFO,web,user68,217.132.79.204,txn-0795,consignar,ahorros,Completada,1773459.55
2025-05-13,08:13:26,INFO,api,user32,19.235.136.115,txn-0796,consignar,corriente,Completada,2804670.1
2025-05-13,08:13:27,INFO,api,user33,93.149.229.226,txn-0797,transferir,ahorros,Completada,2145412.84
2025-05-13,08:13:28,INFO,web,user30,38.210.193.86,txn-0798,transferir,corriente,Completada,2337668.0
2025-05-13,08:13:29,INFO,web,user28,49.216.59.22,txn-0799,retirar,corriente,Completada,2388096.41
2025-05-13,08:13:30,INFO,web,user8,77.111.253.170,txn-0800,retirar,corriente,Completada,1571739.46
2025-05-13,08:13:32,INFO,mobile,user16,192.253.176.98,txn-0802,retirar,ahorros,Completada,4940877.9
2025-05-13,08:13:33,INFO,web,user56,109.241.139.3,txn-0803,consignar,corriente,Completada,445831.22
2025-05-13,08:13:34,INFO,api,user88,110.149.211.206,txn-0804,consignar,ahorros,Completada,4718848.83
2025-05-13,08:13:35,INFO,api,user94,181.167.47.33,txn-0805,retirar,ahorros,Completada,1484372.98
2025-05-13,08:13:36,INFO,web,user42,179.137.24.153,txn-0806,transferir,ahorros,Completada,2991444.38
2025-05-13,08:13:38,INFO,mobile,user48,131.226.125.12,txn-0808,transferir,ahorros,Completada,4766467.15
2025-05-13,08:13:39,INFO,api,user44,5.126.117.122,txn-0809,retirar,ahorros,Completada,1831155.75
2025-05-13,08:13:40,INFO,mobile,user56,63.11.139.140,txn-0810,retirar,ahorros,Completada,4089143.33
2025-05-13,08:13:41,INFO,mobile,user75,30.173.185.159,txn-0811,transferir,corriente,Completada,4738861.03
2025-05-13,08:13:42,INFO,api,user70,222.150.78.105,txn-0812,consignar,corriente,Completada,1332513.01
2025-05-13,08:13:43,INFO,web,user73,116.216.244.209,txn-0813,consignar,ahorros,Completada,4517664.64
2025-05-13,08:13:44,INFO,web,user20,178.196.30.132,txn-0814,transferir,ahorros,Completada,679299.99
2025-05-13,08:13:46,INFO,api,user78,11.178.234.48,txn-0816,transferir,corriente,Completada,1863428.59
2025-05-13,08:13:47,INFO,api,user85,81.107.112.162,txn-0817,retirar,corriente,Completada,1748781.01
2025-05-13,08:13:48,INFO,mobile,user44,119.17.21.107,txn-0818,consignar,ahorros,Completada,1628296.81
2025-05-13,08:13:49,INFO,api,user19,5.11.7.71,txn-0819,retirar,ahorros,Completada,2397630.77
2025-05-13,08:13:50,INFO,mobile,user8,209.117.3.138,txn-0820,consignar,ahorros,Completada,1179000.73
2025-05-13,08:13:51,INFO,api,user12,2.231.23.228,txn-0821,retirar,corriente,Completada,2019003.6
2025-05-13,08:13:52,INFO,mobile,user11,173.140.79.115,txn-0822,consignar,ahorros,Completada,892290.3
2025-05-13,08:13:53,INFO,api,user86,30.124.31.143,txn-0823,transferir,corriente,Completada,1649007.91
2025-05-13,08:13:54,INFO,web,user56,196.48.131.8,txn-0824,retirar,ahorros,Completada,1637210.75
2025-05-13,08:13:56,INFO,web,user69,51.80.109.65,txn-0826,transferir,ahorros,Completada,4783378.42
2025-05-13,08:13:57,INFO,mobile,user49,62.118.119.229,txn-0827,transferir,ahorros,Completada,775662.93
2025-05-13,08:13:58,INFO,api,user50,81.224.217.122,txn-0828,transferir,corriente,Completada,3623999.08
2025-05-13,08:13:59,INFO,api,user19,58.234.183.108,txn-0829,transferir,corriente,Completada,2975375.44
2025-05-13,08:14:00,INFO,web,user41,30.230.229.187,txn-0830,retirar,corriente,Completada,553756.3
2025-05-13,08:14:01,INFO,mobile,user14,93.103.226.4,txn-0831,consignar,ahorros,Completada,2557406.21
2025-05-13,08:14:02,INFO,api,user100,112.189.183.87,txn-0832,transferir,corriente,Completada,4815668.82
2025-05-13,08:14:03,INFO,api,user53,87.198.87.211,txn-0833,consignar,corriente,Completada,4958771.13
2025-05-13,08:14:04,INFO,web,user21,194.229.35.73,txn-0834,consignar,corriente,Completada,4786932.39
2025-05-13,08:14:05,INFO,web,user94,174.204.115.120,txn-0835,transferir,ahorros,Completada,1260947.03
2025-05-13,08:14:06,INFO,mobile,user32,63.240.49.163,txn-0836,consignar,corriente,Completada,3794112.16
2025-05-13,08:14:07,INFO,api,user40,54.102.2.215,txn-0837,consignar,ahorros,Completada,2595817.53
2025-05-13,08:14:08,INFO,web,user32,214.85.0.200,txn-0838,transferir,ahorros,Completada,4162313.79
2025-05-13,08:14:10,INFO,api,user59,66.109.219.244,txn-0840,transferir,ahorros,Completada,4403820.56
2025-05-13,08:14:11,INFO,mobile,user51,4.145.136.180,txn-0841,consignar,ahorros,Completada,4125869.55
2025-05-13,08:14:12,INFO,mobile,user43,58.143.162.85,txn-0842,retirar,corriente,Completada,2212693.55
2025-05-13,08:14:13,INFO,mobile,user89,22.24.166.66,txn-0843,consignar,corriente,Completada,2907880.55
2025-05-13,08:14:14,INFO,mobile,user28,208.40.145.182,txn-0844,transferir,ahorros,Completada,1237677.57
2025-05-13,08:14:15,INFO,mobile,user92,21.110.172.241,txn-0845,retirar,corriente,Completada,1199228.83
2025-05-13,08:14:16,INFO,api,user72,20.87.27.228,txn-0846,consignar,corriente,Completada,2588561.64
2025-05-13,08:14:17,INFO,api,user60,11.34.228.71,txn-0847,consignar,corriente,Completada,744326.92
2025-05-13,08:14:18,INFO,mobile,user72,81.36.205.41,txn-0848,transferir,corriente,Completada,4284079.74
2025-05-13,08:14:19,INFO,web,user85,96.158.224.11,txn-0849,consignar,ahorros,Completada,4875900.48
2025-05-13,08:14:20,INFO,api,user81,107.71.130.245,txn-0850,transferir,ahorros,Completada,4564527.47
2025-05-13,08:14:21,INFO,web,user84,165.176.233.238,txn-0851,retirar,corriente,Completada,2714896.63
2025-05-13,08:14:23,INFO,web,user49,34.196.189.20,txn-0853,consignar,corriente,Completada,1639218.86
2025-05-13,08:14:24,INFO,api,user35,75.11.143.249,txn-0854,transferir,ahorros,Completada,4269856.18
2025-05-13,08:14:25,INFO,api,user22,146.10.59.31,txn-0855,consignar,corriente,Completada,2269756.19
2025-05-13,08:14:26,INFO,web,user11,117.146.66.198,txn-0856,transferir,corriente,Completada,2300611.02
2025-05-13,08:14:27,INFO,api,user58,194.138.48.95,txn-0857,consignar,ahorros,Completada,2681660.52
2025-05-13,08:14:28,INFO,mobile,user49,207.145.230.16,txn-0858,consignar,ahorros,Completada,147237.41
2025-05-13,08:14:29,INFO,web,user90,187.72.74.225,txn-0859,transferir,ahorros,Completada,2050848.42
2025-05-13,08:14:30,INFO,web,user81,186.176.158.106,txn-0860,transferir,corriente,Completada,2688580.38
2025-05-13,08:14:31,INFO,api,user29,112.107.213.180,txn-0861,transferir,corriente,Completada,752736.2
2025-05-13,08:14:33,INFO,web,user34,220.92.72.49,txn-0863,transferir,corriente,Completada,3205458.78
2025-05-13,08:14:34,INFO,api,user59,115.106.254.82,txn-0864,retirar,corriente,Completada,694553.34
2025-05-13,08:14:35,INFO,web,user72,64.83.110.149,txn-0865,consignar,ahorros,Completada,1526440.17
2025-05-13,08:14:36,INFO,web,user58,51.231.206.43,txn-0866,consignar,corriente,Completada,239076.31
2025-05-13,08:14:37,INFO,mobile,user36,213.165.142.76,txn-0867,consignar,corriente,Completada,452540.56
2025-05-13,08:14:39,INFO,api,user63,62.130.2.139,txn-0869,transferir,corriente,Completada,4830550.64
2025-05-13,08:14:40,INFO,web,user41,222.49.137.33,txn-0870,retirar,ahorros,Completada,1072427.93
2025-05-13,08:14:41,INFO,api,user28,37.219.157.196,txn-0871,retirar,ahorros,Completada,3554727.6
2025-05-13,08:14:42,INFO,api,user80,108.127.10.8,txn-0872,consignar,corriente,Completada,1037098.81
2025-05-13,08:14:43,INFO,mobile,user48,26.117.219.124,txn-0873,consignar,ahorros,Completada,1117357.57
2025-05-13,08:14:44,INFO,web,user44,111.168.104.197,txn-0874,transferir,corriente,Completada,736248.32
2025-05-13,08:14:45,INFO,web,user33,94.129.154.45,txn-0875,transferir,corriente,Completada,3934785.57
2025-05-13,08:14:47,INFO,mobile,user83,41.228.173.165,txn-0877,transferir,corriente,Completada,3798477.01
2025-05-13,08:14:48,INFO,web,user85,1.220.115.118,txn-0878,consignar,ahorros,Completada,391464.9
2025-05-13,08:14:50,INFO,mobile,user80,14.187.38.8,txn-0880,consignar,ahorros,Completada,183764.49
2025-05-13,08:14:52,INFO,web,user25,210.93.2.168,txn-0882,retirar,ahorros,Completada,3906495.35
2025-05-13,08:14:53,INFO,web,user24,206.62.180.148,txn-0883,transferir,corriente,Completada,1739310.78
2025-05-13,08:14:54,INFO,web,user93,75.122.201.52,txn-0884,consignar,corriente,Completada,541604.37
2025-05-13,08:14:55,INFO,api,user37,46.169.244.166,txn-0885,consignar,ahorros,Completada,15370.25
2025-05-13,08:14:56,INFO,api,user75,126.137.22.138,txn-0886,transferir,ahorros,Completada,2336710.72
2025-05-13,08:14:57,INFO,web,user75,214.37.218.225,txn-0887,retirar,ahorros,Completada,4956222.88
2025-05-13,08:14:58,INFO,mobile,user72,9.214.69.166,txn-0888,transferir,ahorros,Completada,420125.28
2025-05-13,08:14:59,INFO,web,user22,150.246.142.37,txn-0889,consignar,corriente,Completada,1657748.82
2025-05-13,08:15:00,INFO,web,user94,28.58.232.50,txn-0890,transferir,corriente,Completada,1853184.75
2025-05-13,08:15:02,INFO,web,user30,160.30.113.28,txn-0892,retirar,corriente,Completada,838794.51
2025-05-13,08:15:03,INFO,web,user11,122.113.182.1,txn-0893,consignar,ahorros,Completada,2001186.23
2025-05-13,08:15:04,INFO,web,user55,149.120.59.179,txn-0894,transferir,ahorros,Completada,2292351.91
2025-05-13,08:15:05,INFO,web,user5,181.164.80.93,txn-0895,retirar,corriente,Completada,1351393.64
2025-05-13,08:15:07,INFO,web,user28,21.238.183.170,txn-0897,consignar,corriente,Completada,3927929.81
2025-05-13,08:15:08,INFO,api,user64,173.197.166.11,txn-0898,retirar,ahorros,Completada,1674642.37
2025-05-13,08:15:09,INFO,api,user81,154.19.223.185,txn-0899,consignar,corriente,Completada,3930524.85
2025-05-13,08:15:10,INFO,web,user46,107.218.122.220,txn-0900,consignar,ahorros,Completada,2651487.4
2025-05-13,08:15:12,INFO,mobile,user87,62.105.158.33,txn-0902,retirar,corriente,Completada,2160810.23
2025-05-13,08:15:13,INFO,mobile,user52,50.22.207.24,txn-0903,consignar,ahorros,Completada,3705472.0
2025-05-13,08:15:14,INFO,web,user55,62.48.10.181,txn-0904,consignar,ahorros,Completada,774597.07
2025-05-13,08:15:15,INFO,mobile,user90,20.127.119.171,txn-0905,retirar,corriente,Completada,2619620.52
2025-05-13,08:15:17,INFO,mobile,user42,164.166.237.212,txn-0907,transferir,corriente,Completada,1281918.05
2025-05-13,08:15:18,INFO,web,user66,104.58.94.219,txn-0908,transferir,ahorros,Completada,2402160.12
2025-05-13,08:15:19,INFO,api,user83,163.148.141.200,txn-0909,consignar,ahorros,Completada,4280346.45
2025-05-13,08:15:20,INFO,mobile,user82,69.32.51.155,txn-0910,consignar,ahorros,Completada,4846630.36
2025-05-13,08:15:21,INFO,web,user8,168.210.238.190,txn-0911,consignar,corriente,Completada,4136458.15
2025-05-13,08:15:22,INFO,mobile,user52,184.105.54.110,txn-0912,transferir,corriente,Completada,1778215.23
2025-05-13,08:15:23,INFO,mobile,user27,137.104.69.118,txn-0913,retirar,ahorros,Completada,680295.98
2025-05-13,08:15:24,INFO,api,user38,136.219.158.209,txn-0914,transferir,corriente,Completada,1833330.1
2025-05-13,08:15:25,INFO,api,user47,60.93.81.77,txn-0915,retirar,ahorros,Completada,977669.19
2025-05-13,08:15:27,INFO,mobile,user98,62.233.10.213,txn-0917,transferir,ahorros,Completada,1276602.54
2025-05-13,08:15:28,INFO,mobile,user40,155.241.54.126,txn-0918,transferir,ahorros,Completada,1621904.83
2025-05-13,08:15:29,INFO,api,user76,96.39.198.100,txn-0919,consignar,ahorros,Completada,3970907.63
2025-05-13,08:15:30,INFO,mobile,user97,35.150.138.137,txn-0920,transferir,corriente,Completada,1297312.18
2025-05-13,08:15:31,INFO,api,user40,113.47.201.70,txn-0921,transferir,ahorros,Completada,2623830.08
2025-05-13,08:15:32,INFO,web,user63,155.153.66.41,txn-0922,consignar,corriente,Completada,3969229.45
2025-05-13,08:15:33,INFO,mobile,user88,29.100.93.251,txn-0923,consignar,corriente,Completada,1554177.99
2025-05-13,08:15:34,INFO,mobile,user63,110.117.88.163,txn-0924,transferir,ahorros,Completada,2344086.08
2025-05-13,08:15:35,INFO,web,user76,28.204.75.5,txn-0925,consignar,ahorros,Completada,3528553.62
2025-05-13,08:15:36,INFO,web,user1,184.29.188.186,txn-0926,retirar,corriente,Completada,2811623.66
2025-05-13,08:15:37,INFO,mobile,user43,4.28.144.118,txn-0927,consignar,corriente,Completada,3206238.86
2025-05-13,08:15:38,INFO,api,user20,39.132.251.9,txn-0928,transferir,ahorros,Completada,1834219.09
2025-05-13,08:15:39,INFO,web,user1,36.234.8.171,txn-0929,consignar,ahorros,Completada,4596412.75
2025-05-13,08:15:40,INFO,mobile,user16,46.148.178.168,txn-0930,retirar,ahorros,Completada,2491591.13
2025-05-13,08:15:41,INFO,api,user18,16.108.181.227,txn-0931,consignar,ahorros,Completada,1948841.7
2025-05-13,08:15:42,INFO,api,user51,35.148.4.39,txn-0932,retirar,corriente,Completada,2469239.09
2025-05-13,08:15:43,INFO,mobile,user74,206.28.109.185,txn-0933,retirar,ahorros,Completada,3583950.91
2025-05-13,08:15:44,INFO,web,user23,214.28.137.72,txn-0934,consignar,corriente,Completada,1279422.16
2025-05-13,08:15:45,INFO,mobile,user61,128.176.164.231,txn-0935,consignar,corriente,Completada,4508299.69
2025-05-13,08:15:46,INFO,api,user50,115.193.156.183,txn-0936,consignar,corriente,Completada,4988232.45
2025-05-13,08:15:47,INFO,web,user62,7.213.14.70,txn-0937,retirar,corriente,Completada,3282531.55
2025-05-13,08:15:48,INFO,api,user44,160.33.91.156,txn-0938,transferir,corriente,Completada,3076440.41
2025-05-13,08:15:49,INFO,web,user22,182.186.156.224,txn-0939,transferir,ahorros,Completada,3194950.35
2025-05-13,08:15:50,INFO,mobile,user46,156.33.182.10,txn-0940,consignar,ahorros,Completada,2850501.06
2025-05-13,08:15:51,INFO,mobile,user65,115.242.36.99,txn-0941,transferir,ahorros,Completada,3899150.13
2025-05-13,08:15:52,INFO,web,user51,65.114.110.115,txn-0942,transferir,ahorros,Completada,2196345.53
2025-05-13,08:15:53,INFO,mobile,user44,135.150.176.38,txn-0943,retirar,ahorros,Completada,70000.42
2025-05-13,08:15:54,INFO,web,user90,136.101.86.121,txn-0944,consignar,corriente,Completada,3370393.82
2025-05-13,08:15:55,INFO,mobile,user25,218.126.37.101,txn-0945,transferir,corriente,Completada,673075.63
2025-05-13,08:15:57,INFO,api,user22,58.148.57.0,txn-0947,consignar,corriente,Completada,294803.64
2025-05-13,08:15:58,INFO,mobile,user57,174.58.43.14,txn-0948,consignar,corriente,Completada,1440903.45
2025-05-13,08:15:59,INFO,web,user93,50.35.59.77,txn-0949,consignar,corriente,Completada,206478.79
2025-05-13,08:16:00,INFO,api,user60,156.213.237.197,txn-0950,transferir,ahorros,Completada,3489469.81
2025-05-13,08:16:01,INFO,web,user70,57.122.57.127,txn-0951,consignar,ahorros,Completada,1721990.91
2025-05-13,08:16:02,INFO,api,user83,44.203.227.61,txn-0952,transferir,corriente,Completada,4595472.83
2025-05-13,08:16:03,INFO,mobile,user45,191.38.197.0,txn-0953,consignar,ahorros,Completada,2854448.75
2025-05-13,08:16:04,INFO,web,user38,216.45.144.22,txn-0954,retirar,ahorros,Completada,1532522.22
2025-05-13,08:16:05,INFO,api,user38,92.93.26.117,txn-0955,transferir,corriente,Completada,1538937.59
2025-05-13,08:16:06,INFO,mobile,user32,9.131.60.65,txn-0956,consignar,corriente,Completada,4783286.41
2025-05-13,08:16:07,INFO,web,user74,31.93.156.81,txn-0957,consignar,corriente,Completada,281466.74
2025-05-13,08:16:08,INFO,web,user56,38.38.124.40,txn-0958,consignar,corriente,Completada,2071465.27
2025-05-13,08:16:09,INFO,mobile,user91,13.231.183.166,txn-0959,retirar,corriente,Completada,3967875.11
2025-05-13,08:16:10,INFO,api,user80,113.253.196.19,txn-0960,transferir,corriente,Completada,1969173.13
2025-05-13,08:16:11,INFO,web,user67,2.5.243.92,txn-0961,retirar,ahorros,Completada,1214050.27
2025-05-13,08:16:12,INFO,web,user4,55.173.205.122,txn-0962,retirar,ahorros,Completada,3099796.74
2025-05-13,08:16:13,INFO,mobile,user27,28.128.168.201,txn-0963,consignar,corriente,Completada,32289.76
2025-05-13,08:16:14,INFO,api,user66,202.152.212.16,txn-0964,transferir,corriente,Completada,4409573.57
2025-05-13,08:16:15,INFO,mobile,user73,20.38.129.134,txn-0965,transferir,ahorros,Completada,2181825.57
2025-05-13,08:16:16,INFO,api,user94,50.57.130.185,txn-0966,retirar,corriente,Completada,841259.29
2025-05-13,08:16:17,INFO,api,user30,1.96.20.61,txn-0967,retirar,ahorros,Completada,652462.63
2025-05-13,08:16:18,INFO,web,user20,182.160.206.2,txn-0968,retirar,ahorros,Completada,4578379.45
2025-05-13,08:16:19,INFO,web,user64,196.185.111.254,txn-0969,transferir,corriente,Completada,3415786.88
2025-05-13,08:16:20,INFO,web,user9,98.63.197.167,txn-0970,transferir,corriente,Completada,1075436.17
2025-05-13,08:16:22,INFO,mobile,user29,146.101.226.218,txn-0972,transferir,corriente,Completada,2116853.48
2025-05-13,08:16:24,INFO,api,user81,204.21.27.36,txn-0974,retirar,ahorros,Completada,4779352.69
2025-05-13,08:16:25,INFO,api,user25,58.145.228.167,txn-0975,transferir,corriente,Completada,4407240.76
2025-05-13,08:16:27,INFO,mobile,user37,36.24.214.77,txn-0977,transferir,ahorros,Completada,4968971.02
2025-05-13,08:16:28,INFO,api,user39,25.220.203.251,txn-0978,transferir,corriente,Completada,279596.01
2025-05-13,08:16:29,INFO,mobile,user25,130.179.170.1,txn-0979,transferir,ahorros,Completada,122634.27
2025-05-13,08:16:30,INFO,api,user62,173.189.117.108,txn-0980,consignar,ahorros,Completada,436197.27
2025-05-13,08:16:31,INFO,mobile,user79,142.41.194.20,txn-0981,transferir,ahorros,Completada,3448917.94
2025-05-13,08:16:32,INFO,mobile,user16,136.218.170.238,txn-0982,consignar,corriente,Completada,1064611.71
2025-05-13,08:16:33,INFO,api,user73,99.254.244.34,txn-0983,retirar,corriente,Completada,4614016.75
2025-05-13,08:16:35,INFO,web,user58,187.110.43.3,txn-0985,transferir,ahorros,Completada,1751248.85
2025-05-13,08:16:36,INFO,api,user78,23.137.139.81,txn-0986,retirar,corriente,Completada,4171950.24
2025-05-13,08:16:38,INFO,api,user100,66.229.82.231,txn-0988,consignar,corriente,Completada,3056302.7
2025-05-13,08:16:39,INFO,web,user70,100.213.139.109,txn-0989,transferir,ahorros,Completada,1431092.27
2025-05-13,08:16:41,INFO,web,user59,106.39.159.160,txn-0991,consignar,ahorros,Completada,3122177.97
2025-05-13,08:16:43,INFO,mobile,user62,68.84.223.37,txn-0993,transferir,corriente,Completada,3385852.03
2025-05-13,08:16:44,INFO,mobile,user62,23.198.1.187,txn-0994,consignar,ahorros,Completada,907892.94
2025-05-13,08:16:45,INFO,api,user67,161.163.113.97,txn-0995,transferir,corriente,Completada,89375.73
2025-05-13,08:16:46,INFO,web,user98,9.182.219.7,txn-0996,transferir,corriente,Completada,701578.55
2025-05-13,08:16:47,INFO,api,user23,27.214.76.235,txn-0997,consignar,ahorros,Completada,3735485.5
2025-05-13,08:16:48,INFO,web,user79,188.115.216.90,txn-0998,consignar,ahorros,Completada,4046085.88
2025-05-13,08:16:49,INFO,web,user49,204.29.82.37,txn-0999,consignar,ahorros,Completada,665939.21
