date_secu,time_secu,transaction_id,user_id,ip_address,resultado_validación,motivo_fallo,modulo,verificaciones_realizadas
13/05/2025,08:00:00 a. m.,txn-0000,user65,198.81.20.19,Aprobada,,mobile,frecuencia
13/05/2025,08:00:01 a. m.,txn-0001,user94,92.100.49.61,Aprobada,,mobile,"token,frecuencia,geolocalización"
13/05/2025,08:00:02 a. m.,txn-0002,user93,35.10.214.169,Aprobada,,mobile,"geolocalización,token,blacklist"
13/05/2025,08:00:03 a. m.,txn-0003,user39,155.165.170.170,Aprobada,,api,"blacklist,geolocalización,frecuencia"
13/05/2025,08:00:04 a. m.,txn-0004,user88,137.102.49.12,Aprobada,,mobile,geolocalización
13/05/2025,08:00:05 a. m.,txn-0005,user92,125.126.156.72,Aprobada,,mobile,token
13/05/2025,08:00:06 a. m.,txn-0006,user37,183.205.52.219,Aprobada,,mobile,"token,blacklist,geolocalización"
13/05/2025,08:00:07 a. m.,txn-0007,user49,26.46.150.120,Aprobada,,mobile,blacklist
13/05/2025,08:00:08 a. m.,txn-0008,user34,180.91.122.212,Aprobada,,mobile,geolocalización
13/05/2025,08:00:09 a. m.,txn-0009,user58,208.65.106.126,Aprobada,,api,"frecuencia,token,blacklist"
13/05/2025,08:00:10 a. m.,txn-0010,user40,176.10.163.171,Aprobada,,mobile,"blacklist,frecuencia,token"
13/05/2025,08:00:11 a. m.,txn-0011,user2,184.94.171.22,Aprobada,,mobile,"blacklist,token,frecuencia"
13/05/2025,08:00:12 a. m.,txn-0012,user59,213.39.242.242,Aprobada,,web,blacklist
13/05/2025,08:00:13 a. m.,txn-0013,user24,25.227.129.2,Aprobada,,mobile,"frecuencia,blacklist"
13/05/2025,08:00:14 a. m.,txn-0014,user6,59.141.177.122,Aprobada,,web,"token,blacklist"
13/05/2025,08:00:15 a. m.,txn-0015,user32,91.135.65.36,Aprobada,,mobile,"frecuencia,token"
13/05/2025,08:00:16 a. m.,txn-0016,user82,207.24.6.89,Aprobada,,mobile,geolocalización
13/05/2025,08:00:17 a. m.,txn-0017,user84,215.137.98.25,Aprobada,,web,token
13/05/2025,08:00:18 a. m.,txn-0018,user76,80.28.145.241,Aprobada,,mobile,geolocalización
13/05/2025,08:00:19 a. m.,txn-0019,user55,81.135.177.30,Aprobada,,api,"frecuencia,blacklist,token"
13/05/2025,08:00:20 a. m.,txn-0020,user76,145.219.114.139,Aprobada,,mobile,"blacklist,frecuencia"
13/05/2025,08:00:21 a. m.,txn-0021,user45,62.241.212.87,Aprobada,,api,frecuencia
13/05/2025,08:00:22 a. m.,txn-0022,user38,166.239.161.193,Aprobada,,mobile,"frecuencia,blacklist"
13/05/2025,08:00:23 a. m.,txn-0023,user49,140.14.195.73,Aprobada,,api,"blacklist,token"
13/05/2025,08:00:24 a. m.,txn-0024,user54,114.40.240.45,Aprobada,,mobile,"geolocalización,token,frecuencia"
13/05/2025,08:00:25 a. m.,txn-0025,user95,4.228.215.26,Aprobada,,api,"geolocalización,frecuencia,blacklist"
13/05/2025,08:00:26 a. m.,txn-0026,user30,147.220.198.98,Rechazada,Límite diario excedido,web,blacklist
13/05/2025,08:00:27 a. m.,txn-0027,user39,167.18.7.182,Rechazada,IP sospechosa,mobile,geolocalización
13/05/2025,08:00:28 a. m.,txn-0028,user16,162.42.153.53,Aprobada,,mobile,"token,frecuencia"
13/05/2025,08:00:29 a. m.,txn-0029,user13,184.238.242.185,Aprobada,,api,"geolocalización,frecuencia"
13/05/2025,08:00:30 a. m.,txn-0030,user4,153.109.4.195,Aprobada,,api,blacklist
13/05/2025,08:00:31 a. m.,txn-0031,user33,66.174.121.142,Aprobada,,api,"geolocalización,frecuencia"
13/05/2025,08:00:32 a. m.,txn-0032,user55,72.167.213.216,Aprobada,,mobile,"token,geolocalización"
13/05/2025,08:00:33 a. m.,txn-0033,user76,203.151.251.195,Aprobada,,mobile,frecuencia
13/05/2025,08:00:34 a. m.,txn-0034,user40,211.214.206.147,Aprobada,,mobile,"blacklist,token,geolocalización"
13/05/2025,08:00:35 a. m.,txn-0035,user87,22.18.71.122,Aprobada,,api,"token,frecuencia"
13/05/2025,08:00:36 a. m.,txn-0036,user20,66.255.156.21,Aprobada,,api,"token,frecuencia"
13/05/2025,08:00:37 a. m.,txn-0037,user31,103.88.108.136,Aprobada,,api,"token,geolocalización,frecuencia"
13/05/2025,08:00:38 a. m.,txn-0038,user43,152.36.123.38,Aprobada,,mobile,"geolocalización,token"
13/05/2025,08:00:39 a. m.,txn-0039,user32,91.50.145.193,Aprobada,,api,geolocalización
13/05/2025,08:00:40 a. m.,txn-0040,user16,53.130.234.174,Aprobada,,api,"frecuencia,blacklist,token"
13/05/2025,08:00:41 a. m.,txn-0041,user79,94.84.41.102,Aprobada,,web,"frecuencia,token,blacklist"
13/05/2025,08:00:42 a. m.,txn-0042,user43,74.24.110.60,Aprobada,,api,"geolocalización,blacklist"
13/05/2025,08:00:43 a. m.,txn-0043,user44,9.35.215.143,Aprobada,,web,"blacklist,geolocalización"
13/05/2025,08:00:44 a. m.,txn-0044,user45,219.151.212.140,Aprobada,,api,"blacklist,frecuencia"
13/05/2025,08:00:45 a. m.,txn-0045,user97,156.108.234.86,Aprobada,,mobile,"geolocalización,blacklist,token"
13/05/2025,08:00:46 a. m.,txn-0046,user21,139.152.176.106,Aprobada,,web,"frecuencia,token,blacklist"
13/05/2025,08:00:47 a. m.,txn-0047,user94,52.58.255.57,Aprobada,,mobile,"blacklist,token"
13/05/2025,08:00:48 a. m.,txn-0048,user93,4.148.252.116,Aprobada,,mobile,token
13/05/2025,08:00:49 a. m.,txn-0049,user16,178.38.233.75,Aprobada,,mobile,token
13/05/2025,08:00:50 a. m.,txn-0050,user64,2.197.202.104,Aprobada,,mobile,"frecuencia,token,blacklist"
13/05/2025,08:00:51 a. m.,txn-0051,user43,71.176.37.155,Aprobada,,api,"token,blacklist"
13/05/2025,08:00:52 a. m.,txn-0052,user71,58.6.82.39,Aprobada,,web,"blacklist,frecuencia"
13/05/2025,08:00:53 a. m.,txn-0053,user44,100.156.99.244,Aprobada,,mobile,geolocalización
13/05/2025,08:00:54 a. m.,txn-0054,user88,148.31.147.37,Aprobada,,mobile,frecuencia
13/05/2025,08:00:55 a. m.,txn-0055,user15,52.77.24.127,Aprobada,,mobile,geolocalización
13/05/2025,08:00:56 a. m.,txn-0056,user48,174.56.74.55,Aprobada,,api,"geolocalización,token,blacklist"
13/05/2025,08:00:57 a. m.,txn-0057,user90,126.94.6.38,Rechazada,Límite diario excedido,mobile,"blacklist,frecuencia"
13/05/2025,08:00:58 a. m.,txn-0058,user71,158.237.114.185,Aprobada,,mobile,"geolocalización,blacklist"
13/05/2025,08:00:59 a. m.,txn-0059,user35,198.194.249.43,Aprobada,,web,"geolocalización,token,blacklist"
13/05/2025,08:01:00 a. m.,txn-0060,user65,101.106.135.214,Aprobada,,web,"token,blacklist"
13/05/2025,08:01:01 a. m.,txn-0061,user49,105.12.75.241,Aprobada,,mobile,geolocalización
13/05/2025,08:01:02 a. m.,txn-0062,user57,39.161.142.37,Aprobada,,mobile,frecuencia
13/05/2025,08:01:03 a. m.,txn-0063,user31,153.203.124.111,Aprobada,,web,blacklist
13/05/2025,08:01:04 a. m.,txn-0064,user91,66.209.77.6,Aprobada,,api,"token,blacklist"
13/05/2025,08:01:05 a. m.,txn-0065,user23,46.249.58.218,Rechazada,IP sospechosa,api,"blacklist,geolocalización"
13/05/2025,08:01:06 a. m.,txn-0066,user100,130.168.77.190,Aprobada,,api,"geolocalización,frecuencia"
13/05/2025,08:01:07 a. m.,txn-0067,user42,211.63.248.127,Aprobada,,web,"token,blacklist"
13/05/2025,08:01:08 a. m.,txn-0068,user62,47.49.92.3,Aprobada,,api,"geolocalización,token"
13/05/2025,08:01:09 a. m.,txn-0069,user42,171.190.154.242,Aprobada,,api,blacklist
13/05/2025,08:01:10 a. m.,txn-0070,user19,190.3.190.7,Aprobada,,mobile,"token,geolocalización,blacklist"
13/05/2025,08:01:11 a. m.,txn-0071,user78,184.80.98.128,Aprobada,,api,"geolocalización,blacklist"
13/05/2025,08:01:12 a. m.,txn-0072,user35,38.154.114.58,Aprobada,,api,"blacklist,token"
13/05/2025,08:01:13 a. m.,txn-0073,user56,62.182.144.153,Aprobada,,web,"token,blacklist"
13/05/2025,08:01:14 a. m.,txn-0074,user89,66.71.125.83,Rechazada,Límite diario excedido,web,"geolocalización,blacklist,frecuencia"
13/05/2025,08:01:15 a. m.,txn-0075,user6,36.117.249.250,Aprobada,,web,"blacklist,geolocalización,token"
13/05/2025,08:01:16 a. m.,txn-0076,user9,205.25.115.192,Aprobada,,web,"blacklist,frecuencia"
13/05/2025,08:01:17 a. m.,txn-0077,user24,75.251.212.232,Aprobada,,api,"blacklist,frecuencia"
13/05/2025,08:01:18 a. m.,txn-0078,user6,90.196.43.202,Aprobada,,web,"blacklist,geolocalización,frecuencia"
13/05/2025,08:01:19 a. m.,txn-0079,user30,192.133.159.178,Aprobada,,api,"blacklist,geolocalización,frecuencia"
13/05/2025,08:01:20 a. m.,txn-0080,user15,186.100.168.201,Aprobada,,mobile,geolocalización
13/05/2025,08:01:21 a. m.,txn-0081,user67,124.26.132.216,Aprobada,,web,token
13/05/2025,08:01:22 a. m.,txn-0082,user52,162.74.104.90,Aprobada,,web,"token,geolocalización,blacklist"
13/05/2025,08:01:23 a. m.,txn-0083,user100,185.231.61.32,Rechazada,Token inválido,mobile,"geolocalización,blacklist,frecuencia"
13/05/2025,08:01:24 a. m.,txn-0084,user61,22.48.224.5,Aprobada,,mobile,"geolocalización,frecuencia,blacklist"
13/05/2025,08:01:25 a. m.,txn-0085,user75,42.244.56.5,Aprobada,,api,geolocalización
13/05/2025,08:01:26 a. m.,txn-0086,user41,27.246.169.159,Aprobada,,api,blacklist
13/05/2025,08:01:27 a. m.,txn-0087,user73,140.177.152.241,Aprobada,,api,blacklist
13/05/2025,08:01:28 a. m.,txn-0088,user11,195.4.145.226,Aprobada,,mobile,"geolocalización,frecuencia,token"
13/05/2025,08:01:29 a. m.,txn-0089,user79,10.241.131.215,Aprobada,,mobile,"frecuencia,geolocalización"
13/05/2025,08:01:30 a. m.,txn-0090,user21,48.92.48.115,Aprobada,,api,blacklist
13/05/2025,08:01:31 a. m.,txn-0091,user61,145.50.29.8,Aprobada,,mobile,token
13/05/2025,08:01:32 a. m.,txn-0092,user13,101.213.242.239,Aprobada,,api,"geolocalización,token"
13/05/2025,08:01:33 a. m.,txn-0093,user50,97.203.56.234,Aprobada,,mobile,token
13/05/2025,08:01:34 a. m.,txn-0094,user91,130.192.33.167,Aprobada,,web,"blacklist,geolocalización"
13/05/2025,08:01:35 a. m.,txn-0095,user82,19.169.239.127,Aprobada,,web,"geolocalización,blacklist"
13/05/2025,08:01:36 a. m.,txn-0096,user29,102.228.32.90,Aprobada,,web,"token,blacklist,geolocalización"
13/05/2025,08:01:37 a. m.,txn-0097,user69,16.48.180.5,Aprobada,,api,"frecuencia,geolocalización"
13/05/2025,08:01:38 a. m.,txn-0098,user87,50.90.213.54,Aprobada,,mobile,"frecuencia,blacklist"
13/05/2025,08:01:39 a. m.,txn-0099,user93,148.102.2.237,Aprobada,,web,"blacklist,token,geolocalización"
13/05/2025,08:01:40 a. m.,txn-0100,user3,166.218.248.168,Aprobada,,web,"blacklist,frecuencia"
13/05/2025,08:01:41 a. m.,txn-0101,user87,203.106.10.140,Aprobada,,api,blacklist
13/05/2025,08:01:42 a. m.,txn-0102,user53,188.232.0.22,Aprobada,,web,"geolocalización,token,blacklist"
13/05/2025,08:01:43 a. m.,txn-0103,user41,145.82.191.161,Aprobada,,api,"blacklist,geolocalización,token"
13/05/2025,08:01:44 a. m.,txn-0104,user22,195.140.229.12,Aprobada,,mobile,"geolocalización,blacklist,frecuencia"
13/05/2025,08:01:45 a. m.,txn-0105,user80,125.145.113.244,Aprobada,,api,"token,geolocalización,blacklist"
13/05/2025,08:01:46 a. m.,txn-0106,user66,139.222.58.126,Aprobada,,mobile,"blacklist,geolocalización"
13/05/2025,08:01:47 a. m.,txn-0107,user48,13.243.187.66,Rechazada,Límite diario excedido,api,"frecuencia,token,geolocalización"
13/05/2025,08:01:48 a. m.,txn-0108,user87,180.97.128.105,Aprobada,,web,blacklist
13/05/2025,08:01:49 a. m.,txn-0109,user73,2.189.73.213,Aprobada,,api,"frecuencia,token"
13/05/2025,08:01:50 a. m.,txn-0110,user41,5.238.61.235,Rechazada,IP sospechosa,api,"blacklist,token,frecuencia"
13/05/2025,08:01:51 a. m.,txn-0111,user84,152.115.65.65,Aprobada,,web,"blacklist,token"
13/05/2025,08:01:52 a. m.,txn-0112,user50,214.227.189.171,Aprobada,,api,geolocalización
13/05/2025,08:01:53 a. m.,txn-0113,user85,59.17.74.211,Aprobada,,api,"blacklist,geolocalización,token"
13/05/2025,08:01:54 a. m.,txn-0114,user18,183.10.112.52,Aprobada,,web,"blacklist,token,geolocalización"
13/05/2025,08:01:55 a. m.,txn-0115,user25,78.144.209.129,Aprobada,,web,geolocalización
13/05/2025,08:01:56 a. m.,txn-0116,user1,131.246.17.70,Aprobada,,api,blacklist
13/05/2025,08:01:57 a. m.,txn-0117,user61,56.103.138.34,Aprobada,,mobile,"geolocalización,frecuencia"
13/05/2025,08:01:58 a. m.,txn-0118,user65,27.172.206.124,Aprobada,,api,"blacklist,frecuencia,geolocalización"
13/05/2025,08:01:59 a. m.,txn-0119,user40,194.108.215.152,Rechazada,Límite diario excedido,api,blacklist
13/05/2025,08:02:00 a. m.,txn-0120,user79,17.130.165.69,Aprobada,,api,token
13/05/2025,08:02:01 a. m.,txn-0121,user15,157.164.119.212,Aprobada,,api,frecuencia
13/05/2025,08:02:02 a. m.,txn-0122,user95,129.113.221.94,Aprobada,,mobile,"geolocalización,token"
13/05/2025,08:02:03 a. m.,txn-0123,user52,176.47.129.149,Aprobada,,mobile,"frecuencia,token"
13/05/2025,08:02:04 a. m.,txn-0124,user55,124.127.180.251,Aprobada,,api,"token,geolocalización"
13/05/2025,08:02:05 a. m.,txn-0125,user86,41.250.45.187,Aprobada,,mobile,"blacklist,geolocalización"
13/05/2025,08:02:06 a. m.,txn-0126,user2,148.97.120.54,Aprobada,,api,"token,blacklist"
13/05/2025,08:02:07 a. m.,txn-0127,user74,194.113.234.190,Aprobada,,web,token
13/05/2025,08:02:08 a. m.,txn-0128,user85,159.17.101.215,Rechazada,Límite diario excedido,mobile,"blacklist,geolocalización,frecuencia"
13/05/2025,08:02:09 a. m.,txn-0129,user47,91.252.245.221,Aprobada,,api,"frecuencia,geolocalización"
13/05/2025,08:02:10 a. m.,txn-0130,user96,142.218.99.41,Aprobada,,web,"token,blacklist"
13/05/2025,08:02:11 a. m.,txn-0131,user12,90.58.123.27,Aprobada,,web,frecuencia
13/05/2025,08:02:12 a. m.,txn-0132,user83,158.16.130.152,Aprobada,,api,geolocalización
13/05/2025,08:02:13 a. m.,txn-0133,user68,111.181.120.99,Aprobada,,web,"geolocalización,blacklist,frecuencia"
13/05/2025,08:02:14 a. m.,txn-0134,user15,12.245.25.138,Aprobada,,web,blacklist
13/05/2025,08:02:15 a. m.,txn-0135,user97,220.216.154.249,Aprobada,,web,"blacklist,token,frecuencia"
13/05/2025,08:02:16 a. m.,txn-0136,user31,163.91.138.103,Aprobada,,api,"token,frecuencia"
13/05/2025,08:02:17 a. m.,txn-0137,user53,162.115.108.248,Aprobada,,api,geolocalización
13/05/2025,08:02:18 a. m.,txn-0138,user43,21.70.216.91,Aprobada,,api,"geolocalización,frecuencia,token"
13/05/2025,08:02:19 a. m.,txn-0139,user12,178.16.188.235,Aprobada,,web,"token,geolocalización,blacklist"
13/05/2025,08:02:20 a. m.,txn-0140,user31,30.37.102.152,Aprobada,,api,"geolocalización,token"
13/05/2025,08:02:21 a. m.,txn-0141,user13,51.255.30.52,Aprobada,,web,token
13/05/2025,08:02:22 a. m.,txn-0142,user23,170.65.0.59,Aprobada,,web,frecuencia
13/05/2025,08:02:23 a. m.,txn-0143,user96,73.25.254.102,Aprobada,,api,"frecuencia,token"
13/05/2025,08:02:24 a. m.,txn-0144,user34,218.16.15.162,Aprobada,,api,frecuencia
13/05/2025,08:02:25 a. m.,txn-0145,user94,163.236.89.227,Aprobada,,mobile,geolocalización
13/05/2025,08:02:26 a. m.,txn-0146,user11,143.253.33.72,Aprobada,,api,frecuencia
13/05/2025,08:02:27 a. m.,txn-0147,user56,190.103.74.134,Rechazada,IP sospechosa,api,frecuencia
13/05/2025,08:02:28 a. m.,txn-0148,user28,146.200.213.137,Rechazada,IP sospechosa,web,frecuencia
13/05/2025,08:02:29 a. m.,txn-0149,user21,197.153.72.178,Aprobada,,api,"geolocalización,blacklist"
13/05/2025,08:02:30 a. m.,txn-0150,user42,163.116.115.204,Aprobada,,web,"blacklist,geolocalización,frecuencia"
13/05/2025,08:02:31 a. m.,txn-0151,user89,136.24.234.166,Aprobada,,web,"frecuencia,geolocalización"
13/05/2025,08:02:32 a. m.,txn-0152,user80,30.33.114.168,Aprobada,,mobile,"blacklist,geolocalización"
13/05/2025,08:02:33 a. m.,txn-0153,user84,98.31.153.164,Aprobada,,api,"geolocalización,blacklist"
13/05/2025,08:02:34 a. m.,txn-0154,user44,44.60.175.193,Aprobada,,mobile,"geolocalización,token"
13/05/2025,08:02:35 a. m.,txn-0155,user7,142.64.73.31,Aprobada,,mobile,"frecuencia,geolocalización"
13/05/2025,08:02:36 a. m.,txn-0156,user26,221.52.220.13,Aprobada,,web,"blacklist,geolocalización"
13/05/2025,08:02:37 a. m.,txn-0157,user65,89.57.183.180,Aprobada,,mobile,"token,frecuencia"
13/05/2025,08:02:38 a. m.,txn-0158,user14,68.83.63.249,Aprobada,,web,"blacklist,token,frecuencia"
13/05/2025,08:02:39 a. m.,txn-0159,user15,7.147.110.116,Aprobada,,api,"blacklist,token,frecuencia"
13/05/2025,08:02:40 a. m.,txn-0160,user55,10.56.128.10,Aprobada,,web,"frecuencia,blacklist,token"
13/05/2025,08:02:41 a. m.,txn-0161,user26,181.247.236.90,Aprobada,,mobile,"blacklist,frecuencia"
13/05/2025,08:02:42 a. m.,txn-0162,user84,23.154.245.214,Aprobada,,api,"token,blacklist"
13/05/2025,08:02:43 a. m.,txn-0163,user54,213.203.71.158,Aprobada,,mobile,"blacklist,geolocalización"
13/05/2025,08:02:44 a. m.,txn-0164,user92,46.161.253.35,Aprobada,,api,"blacklist,token,geolocalización"
13/05/2025,08:02:45 a. m.,txn-0165,user57,1.65.208.44,Rechazada,IP sospechosa,api,token
13/05/2025,08:02:46 a. m.,txn-0166,user3,167.137.76.250,Aprobada,,mobile,frecuencia
13/05/2025,08:02:47 a. m.,txn-0167,user92,170.156.32.57,Aprobada,,web,"frecuencia,geolocalización,blacklist"
13/05/2025,08:02:48 a. m.,txn-0168,user37,166.161.122.148,Aprobada,,mobile,"token,blacklist"
13/05/2025,08:02:49 a. m.,txn-0169,user17,122.176.1.146,Aprobada,,api,"frecuencia,geolocalización,blacklist"
13/05/2025,08:02:50 a. m.,txn-0170,user33,13.202.208.175,Aprobada,,web,"frecuencia,blacklist,token"
13/05/2025,08:02:51 a. m.,txn-0171,user40,192.150.119.229,Aprobada,,web,"token,frecuencia"
13/05/2025,08:02:52 a. m.,txn-0172,user6,68.163.215.79,Aprobada,,api,"frecuencia,blacklist,token"
13/05/2025,08:02:53 a. m.,txn-0173,user18,81.178.129.240,Aprobada,,web,"token,geolocalización,frecuencia"
13/05/2025,08:02:54 a. m.,txn-0174,user5,155.86.188.21,Aprobada,,mobile,"token,frecuencia,geolocalización"
13/05/2025,08:02:55 a. m.,txn-0175,user35,12.132.231.83,Aprobada,,mobile,token
13/05/2025,08:02:56 a. m.,txn-0176,user55,110.105.41.112,Rechazada,IP sospechosa,web,frecuencia
13/05/2025,08:02:57 a. m.,txn-0177,user5,214.130.219.78,Aprobada,,api,"geolocalización,blacklist,frecuencia"
13/05/2025,08:02:58 a. m.,txn-0178,user1,144.17.119.176,Aprobada,,api,"geolocalización,blacklist,token"
13/05/2025,08:02:59 a. m.,txn-0179,user67,165.212.160.220,Aprobada,,mobile,"token,frecuencia"
13/05/2025,08:03:00 a. m.,txn-0180,user82,154.73.228.207,Aprobada,,web,"geolocalización,frecuencia"
13/05/2025,08:03:01 a. m.,txn-0181,user100,216.96.114.220,Aprobada,,mobile,frecuencia
13/05/2025,08:03:02 a. m.,txn-0182,user3,30.115.141.222,Aprobada,,api,frecuencia
13/05/2025,08:03:03 a. m.,txn-0183,user16,54.32.215.192,Aprobada,,api,"token,blacklist"
13/05/2025,08:03:04 a. m.,txn-0184,user18,22.97.152.136,Aprobada,,web,"token,blacklist"
13/05/2025,08:03:05 a. m.,txn-0185,user61,153.149.147.198,Aprobada,,web,"token,geolocalización,blacklist"
13/05/2025,08:03:06 a. m.,txn-0186,user44,70.73.132.148,Aprobada,,mobile,"frecuencia,token"
13/05/2025,08:03:07 a. m.,txn-0187,user52,32.217.110.105,Aprobada,,web,"blacklist,frecuencia"
13/05/2025,08:03:08 a. m.,txn-0188,user29,71.120.48.160,Aprobada,,mobile,"geolocalización,blacklist"
13/05/2025,08:03:09 a. m.,txn-0189,user54,139.192.171.165,Aprobada,,web,"blacklist,geolocalización"
13/05/2025,08:03:10 a. m.,txn-0190,user47,33.85.136.225,Rechazada,IP sospechosa,web,"blacklist,geolocalización"
13/05/2025,08:03:11 a. m.,txn-0191,user67,62.26.77.232,Rechazada,Token inválido,web,"frecuencia,token"
13/05/2025,08:03:12 a. m.,txn-0192,user23,192.2.8.175,Aprobada,,web,"token,blacklist"
13/05/2025,08:03:13 a. m.,txn-0193,user59,29.238.173.33,Aprobada,,api,"frecuencia,blacklist"
13/05/2025,08:03:14 a. m.,txn-0194,user47,69.78.94.84,Aprobada,,api,"frecuencia,geolocalización,blacklist"
13/05/2025,08:03:15 a. m.,txn-0195,user14,98.147.244.114,Aprobada,,web,frecuencia
13/05/2025,08:03:16 a. m.,txn-0196,user74,52.114.96.104,Aprobada,,mobile,"blacklist,geolocalización"
13/05/2025,08:03:17 a. m.,txn-0197,user50,74.22.102.25,Aprobada,,api,geolocalización
13/05/2025,08:03:18 a. m.,txn-0198,user53,117.65.148.228,Aprobada,,mobile,token
13/05/2025,08:03:19 a. m.,txn-0199,user37,61.44.129.128,Aprobada,,api,"token,frecuencia"
13/05/2025,08:03:20 a. m.,txn-0200,user90,160.122.165.252,Aprobada,,api,token
13/05/2025,08:03:21 a. m.,txn-0201,user2,14.31.15.219,Aprobada,,api,"frecuencia,geolocalización,blacklist"
13/05/2025,08:03:22 a. m.,txn-0202,user25,15.227.166.204,Aprobada,,api,"frecuencia,token,geolocalización"
13/05/2025,08:03:23 a. m.,txn-0203,user89,217.93.159.236,Aprobada,,mobile,"geolocalización,blacklist"
13/05/2025,08:03:24 a. m.,txn-0204,user20,72.226.76.204,Aprobada,,web,"geolocalización,frecuencia"
13/05/2025,08:03:25 a. m.,txn-0205,user65,37.86.161.44,Aprobada,,web,"blacklist,token"
13/05/2025,08:03:26 a. m.,txn-0206,user97,52.174.241.245,Aprobada,,web,blacklist
13/05/2025,08:03:27 a. m.,txn-0207,user29,111.45.152.42,Aprobada,,web,"frecuencia,geolocalización"
13/05/2025,08:03:28 a. m.,txn-0208,user16,41.8.90.255,Aprobada,,api,"geolocalización,blacklist,frecuencia"
13/05/2025,08:03:29 a. m.,txn-0209,user57,144.44.249.62,Rechazada,IP sospechosa,mobile,"frecuencia,token"
13/05/2025,08:03:30 a. m.,txn-0210,user84,195.23.138.248,Aprobada,,web,frecuencia
13/05/2025,08:03:31 a. m.,txn-0211,user68,171.97.99.47,Aprobada,,api,"frecuencia,blacklist"
13/05/2025,08:03:32 a. m.,txn-0212,user49,140.191.240.109,Aprobada,,mobile,"geolocalización,blacklist,token"
13/05/2025,08:03:33 a. m.,txn-0213,user63,88.125.168.26,Aprobada,,api,"blacklist,geolocalización,frecuencia"
13/05/2025,08:03:34 a. m.,txn-0214,user32,84.25.89.123,Aprobada,,web,"frecuencia,token"
13/05/2025,08:03:35 a. m.,txn-0215,user55,147.70.252.169,Aprobada,,web,"token,geolocalización,blacklist"
13/05/2025,08:03:36 a. m.,txn-0216,user91,205.204.76.188,Aprobada,,web,blacklist
13/05/2025,08:03:37 a. m.,txn-0217,user82,172.115.1.144,Aprobada,,mobile,frecuencia
13/05/2025,08:03:38 a. m.,txn-0218,user9,132.51.145.172,Aprobada,,api,"token,frecuencia"
13/05/2025,08:03:39 a. m.,txn-0219,user26,91.88.208.136,Aprobada,,api,"geolocalización,blacklist,frecuencia"
13/05/2025,08:03:40 a. m.,txn-0220,user38,155.108.90.185,Aprobada,,api,geolocalización
13/05/2025,08:03:41 a. m.,txn-0221,user37,150.156.14.171,Aprobada,,api,blacklist
13/05/2025,08:03:42 a. m.,txn-0222,user46,65.135.185.10,Aprobada,,api,"token,frecuencia,blacklist"
13/05/2025,08:03:43 a. m.,txn-0223,user3,154.84.134.72,Aprobada,,mobile,"token,frecuencia"
13/05/2025,08:03:44 a. m.,txn-0224,user24,23.117.72.205,Aprobada,,api,"blacklist,geolocalización,token"
13/05/2025,08:03:45 a. m.,txn-0225,user65,200.152.100.185,Aprobada,,api,"blacklist,geolocalización,frecuencia"
13/05/2025,08:03:46 a. m.,txn-0226,user49,38.235.178.34,Aprobada,,api,"blacklist,token,geolocalización"
13/05/2025,08:03:47 a. m.,txn-0227,user35,75.185.244.141,Aprobada,,web,token
13/05/2025,08:03:48 a. m.,txn-0228,user31,96.34.7.1,Aprobada,,web,"token,geolocalización"
13/05/2025,08:03:49 a. m.,txn-0229,user95,139.217.158.140,Aprobada,,mobile,"frecuencia,geolocalización"
13/05/2025,08:03:50 a. m.,txn-0230,user21,38.252.104.105,Aprobada,,api,geolocalización
13/05/2025,08:03:51 a. m.,txn-0231,user81,109.240.153.9,Aprobada,,api,"token,blacklist"
13/05/2025,08:03:52 a. m.,txn-0232,user15,217.70.188.25,Aprobada,,api,frecuencia
13/05/2025,08:03:53 a. m.,txn-0233,user50,154.115.22.124,Aprobada,,mobile,frecuencia
13/05/2025,08:03:54 a. m.,txn-0234,user94,189.204.39.174,Aprobada,,web,"frecuencia,token,geolocalización"
13/05/2025,08:03:55 a. m.,txn-0235,user66,32.196.137.23,Aprobada,,mobile,"token,frecuencia,geolocalización"
13/05/2025,08:03:56 a. m.,txn-0236,user33,136.150.69.29,Aprobada,,mobile,"blacklist,geolocalización,frecuencia"
13/05/2025,08:03:57 a. m.,txn-0237,user66,220.166.126.253,Aprobada,,mobile,"geolocalización,blacklist,token"
13/05/2025,08:03:58 a. m.,txn-0238,user32,216.210.97.7,Aprobada,,web,geolocalización
13/05/2025,08:03:59 a. m.,txn-0239,user34,131.130.87.235,Aprobada,,web,blacklist
13/05/2025,08:04:00 a. m.,txn-0240,user89,171.187.131.60,Aprobada,,api,"geolocalización,frecuencia,blacklist"
13/05/2025,08:04:01 a. m.,txn-0241,user51,130.163.184.22,Rechazada,Token inválido,mobile,"frecuencia,blacklist"
13/05/2025,08:04:02 a. m.,txn-0242,user29,83.212.50.96,Aprobada,,web,"token,blacklist,geolocalización"
13/05/2025,08:04:03 a. m.,txn-0243,user47,211.18.37.111,Aprobada,,api,geolocalización
13/05/2025,08:04:04 a. m.,txn-0244,user30,159.101.253.163,Aprobada,,mobile,"geolocalización,blacklist"
13/05/2025,08:04:05 a. m.,txn-0245,user56,207.17.222.251,Aprobada,,api,"token,geolocalización"
13/05/2025,08:04:06 a. m.,txn-0246,user7,26.220.186.38,Aprobada,,web,"blacklist,frecuencia"
13/05/2025,08:04:07 a. m.,txn-0247,user38,51.238.97.61,Aprobada,,web,blacklist
13/05/2025,08:04:08 a. m.,txn-0248,user50,211.182.205.67,Aprobada,,api,"geolocalización,token"
13/05/2025,08:04:09 a. m.,txn-0249,user73,197.51.3.170,Aprobada,,web,"geolocalización,blacklist"
13/05/2025,08:04:10 a. m.,txn-0250,user62,218.149.157.156,Aprobada,,api,"geolocalización,frecuencia"
13/05/2025,08:04:11 a. m.,txn-0251,user34,122.138.195.190,Aprobada,,mobile,"frecuencia,blacklist"
13/05/2025,08:04:12 a. m.,txn-0252,user51,12.123.52.254,Aprobada,,mobile,"blacklist,geolocalización,token"
13/05/2025,08:04:13 a. m.,txn-0253,user9,29.193.196.131,Rechazada,Límite diario excedido,api,geolocalización
13/05/2025,08:04:14 a. m.,txn-0254,user23,221.13.111.224,Aprobada,,web,blacklist
13/05/2025,08:04:15 a. m.,txn-0255,user57,170.133.121.227,Aprobada,,web,"blacklist,geolocalización,token"
13/05/2025,08:04:16 a. m.,txn-0256,user43,130.65.7.191,Aprobada,,web,"geolocalización,frecuencia"
13/05/2025,08:04:17 a. m.,txn-0257,user24,194.155.76.232,Aprobada,,web,"geolocalización,token,frecuencia"
13/05/2025,08:04:18 a. m.,txn-0258,user100,124.168.254.195,Aprobada,,mobile,geolocalización
13/05/2025,08:04:19 a. m.,txn-0259,user58,77.221.234.231,Aprobada,,web,geolocalización
13/05/2025,08:04:20 a. m.,txn-0260,user46,165.20.79.200,Aprobada,,web,"blacklist,token,geolocalización"
13/05/2025,08:04:21 a. m.,txn-0261,user60,27.117.170.169,Aprobada,,mobile,geolocalización
13/05/2025,08:04:22 a. m.,txn-0262,user31,130.110.162.237,Aprobada,,web,frecuencia
13/05/2025,08:04:23 a. m.,txn-0263,user18,92.13.5.207,Aprobada,,api,"blacklist,token,geolocalización"
13/05/2025,08:04:24 a. m.,txn-0264,user53,4.234.53.26,Aprobada,,mobile,"frecuencia,token,geolocalización"
13/05/2025,08:04:25 a. m.,txn-0265,user30,185.98.47.48,Aprobada,,api,frecuencia
13/05/2025,08:04:26 a. m.,txn-0266,user72,20.200.87.209,Aprobada,,api,geolocalización
13/05/2025,08:04:27 a. m.,txn-0267,user47,95.3.119.245,Aprobada,,mobile,"geolocalización,frecuencia"
13/05/2025,08:04:28 a. m.,txn-0268,user6,56.7.170.129,Aprobada,,mobile,"geolocalización,blacklist,token"
13/05/2025,08:04:29 a. m.,txn-0269,user48,109.50.53.71,Aprobada,,mobile,"blacklist,geolocalización,token"
13/05/2025,08:04:30 a. m.,txn-0270,user96,23.19.159.214,Aprobada,,mobile,"blacklist,token,geolocalización"
13/05/2025,08:04:31 a. m.,txn-0271,user34,124.1.152.75,Aprobada,,web,"blacklist,geolocalización,token"
13/05/2025,08:04:32 a. m.,txn-0272,user16,140.60.103.159,Aprobada,,api,"blacklist,frecuencia"
13/05/2025,08:04:33 a. m.,txn-0273,user88,32.58.226.168,Aprobada,,web,blacklist
13/05/2025,08:04:34 a. m.,txn-0274,user24,45.1.19.49,Aprobada,,mobile,frecuencia
13/05/2025,08:04:35 a. m.,txn-0275,user65,168.242.182.195,Aprobada,,mobile,"geolocalización,blacklist"
13/05/2025,08:04:36 a. m.,txn-0276,user41,113.42.164.86,Aprobada,,web,"frecuencia,blacklist"
13/05/2025,08:04:37 a. m.,txn-0277,user94,189.47.194.56,Aprobada,,web,geolocalización
13/05/2025,08:04:38 a. m.,txn-0278,user90,196.239.232.159,Aprobada,,web,"geolocalización,token"
13/05/2025,08:04:39 a. m.,txn-0279,user57,96.193.154.34,Aprobada,,mobile,"token,geolocalización"
13/05/2025,08:04:40 a. m.,txn-0280,user96,163.37.170.40,Rechazada,Límite diario excedido,mobile,"geolocalización,blacklist"
13/05/2025,08:04:41 a. m.,txn-0281,user87,37.74.226.208,Aprobada,,api,blacklist
13/05/2025,08:04:42 a. m.,txn-0282,user40,56.245.159.194,Aprobada,,mobile,blacklist
13/05/2025,08:04:43 a. m.,txn-0283,user52,179.60.39.90,Aprobada,,web,"frecuencia,token"
13/05/2025,08:04:44 a. m.,txn-0284,user1,71.180.116.86,Aprobada,,api,"geolocalización,frecuencia,token"
13/05/2025,08:04:45 a. m.,txn-0285,user81,81.241.196.57,Aprobada,,mobile,"blacklist,token"
13/05/2025,08:04:46 a. m.,txn-0286,user76,68.145.48.5,Aprobada,,web,"blacklist,frecuencia,geolocalización"
13/05/2025,08:04:47 a. m.,txn-0287,user62,1.200.118.185,Rechazada,Token inválido,mobile,"geolocalización,token"
13/05/2025,08:04:48 a. m.,txn-0288,user30,188.78.161.133,Aprobada,,mobile,"frecuencia,token"
13/05/2025,08:04:49 a. m.,txn-0289,user52,192.157.224.108,Rechazada,IP sospechosa,web,"geolocalización,token,blacklist"
13/05/2025,08:04:50 a. m.,txn-0290,user90,149.235.46.54,Aprobada,,mobile,blacklist
13/05/2025,08:04:51 a. m.,txn-0291,user5,222.83.137.37,Aprobada,,web,"geolocalización,token"
13/05/2025,08:04:52 a. m.,txn-0292,user19,37.26.120.159,Aprobada,,api,geolocalización
13/05/2025,08:04:53 a. m.,txn-0293,user14,149.10.142.170,Rechazada,IP sospechosa,web,"token,blacklist"
13/05/2025,08:04:54 a. m.,txn-0294,user59,207.223.191.215,Aprobada,,mobile,"geolocalización,blacklist"
13/05/2025,08:04:55 a. m.,txn-0295,user10,221.136.173.252,Aprobada,,api,"geolocalización,blacklist,frecuencia"
13/05/2025,08:04:56 a. m.,txn-0296,user16,28.201.142.110,Aprobada,,web,frecuencia
13/05/2025,08:04:57 a. m.,txn-0297,user56,7.207.145.157,Aprobada,,api,blacklist
13/05/2025,08:04:58 a. m.,txn-0298,user74,183.192.138.156,Aprobada,,api,geolocalización
13/05/2025,08:04:59 a. m.,txn-0299,user53,10.196.96.164,Aprobada,,web,blacklist
13/05/2025,08:05:00 a. m.,txn-0300,user63,219.174.251.42,Aprobada,,api,frecuencia
13/05/2025,08:05:01 a. m.,txn-0301,user42,83.75.231.246,Aprobada,,web,geolocalización
13/05/2025,08:05:02 a. m.,txn-0302,user78,112.91.21.127,Aprobada,,mobile,"geolocalización,frecuencia,token"
13/05/2025,08:05:03 a. m.,txn-0303,user56,148.27.109.231,Aprobada,,api,blacklist
13/05/2025,08:05:04 a. m.,txn-0304,user90,8.236.139.164,Aprobada,,mobile,geolocalización
13/05/2025,08:05:05 a. m.,txn-0305,user94,144.12.220.25,Aprobada,,mobile,"geolocalización,frecuencia,token"
13/05/2025,08:05:06 a. m.,txn-0306,user6,85.18.117.228,Aprobada,,mobile,"geolocalización,blacklist,token"
13/05/2025,08:05:07 a. m.,txn-0307,user63,147.129.34.100,Aprobada,,web,"geolocalización,token,frecuencia"
13/05/2025,08:05:08 a. m.,txn-0308,user74,208.48.133.79,Aprobada,,web,"token,frecuencia,geolocalización"
13/05/2025,08:05:09 a. m.,txn-0309,user41,148.150.130.227,Aprobada,,api,"geolocalización,token"
13/05/2025,08:05:10 a. m.,txn-0310,user85,94.150.231.208,Aprobada,,mobile,"blacklist,geolocalización"
13/05/2025,08:05:11 a. m.,txn-0311,user67,37.76.1.46,Rechazada,Token inválido,mobile,"blacklist,token"
13/05/2025,08:05:12 a. m.,txn-0312,user80,40.144.219.32,Aprobada,,web,"token,blacklist,frecuencia"
13/05/2025,08:05:13 a. m.,txn-0313,user85,156.7.216.232,Aprobada,,mobile,"token,frecuencia"
13/05/2025,08:05:14 a. m.,txn-0314,user46,128.194.123.212,Aprobada,,mobile,blacklist
13/05/2025,08:05:15 a. m.,txn-0315,user2,66.251.60.149,Aprobada,,mobile,"blacklist,geolocalización,token"
13/05/2025,08:05:16 a. m.,txn-0316,user10,40.24.175.142,Aprobada,,api,"blacklist,frecuencia"
13/05/2025,08:05:17 a. m.,txn-0317,user26,196.57.187.170,Rechazada,Token inválido,api,"frecuencia,blacklist"
13/05/2025,08:05:18 a. m.,txn-0318,user56,172.15.194.98,Aprobada,,web,"geolocalización,token,blacklist"
13/05/2025,08:05:19 a. m.,txn-0319,user1,57.137.16.124,Aprobada,,api,frecuencia
13/05/2025,08:05:20 a. m.,txn-0320,user45,21.6.207.162,Aprobada,,api,blacklist
13/05/2025,08:05:21 a. m.,txn-0321,user38,109.11.231.199,Aprobada,,web,"blacklist,frecuencia,token"
13/05/2025,08:05:22 a. m.,txn-0322,user68,40.143.10.181,Aprobada,,mobile,"frecuencia,geolocalización,token"
13/05/2025,08:05:23 a. m.,txn-0323,user4,11.156.240.250,Aprobada,,api,geolocalización
13/05/2025,08:05:24 a. m.,txn-0324,user98,149.255.122.115,Aprobada,,mobile,"geolocalización,frecuencia"
13/05/2025,08:05:25 a. m.,txn-0325,user22,18.103.132.25,Aprobada,,mobile,"frecuencia,token"
13/05/2025,08:05:26 a. m.,txn-0326,user20,208.133.204.180,Aprobada,,web,"frecuencia,token"
13/05/2025,08:05:27 a. m.,txn-0327,user28,69.27.13.205,Aprobada,,api,"frecuencia,geolocalización"
13/05/2025,08:05:28 a. m.,txn-0328,user44,189.166.72.172,Aprobada,,api,blacklist
13/05/2025,08:05:29 a. m.,txn-0329,user10,186.107.181.219,Aprobada,,api,"geolocalización,frecuencia,blacklist"
13/05/2025,08:05:30 a. m.,txn-0330,user62,4.158.33.243,Aprobada,,mobile,"frecuencia,token"
13/05/2025,08:05:31 a. m.,txn-0331,user36,103.224.16.86,Aprobada,,api,"token,blacklist"
13/05/2025,08:05:32 a. m.,txn-0332,user45,72.69.138.63,Aprobada,,web,"geolocalización,blacklist,frecuencia"
13/05/2025,08:05:33 a. m.,txn-0333,user1,64.39.236.209,Aprobada,,mobile,"geolocalización,token,blacklist"
13/05/2025,08:05:34 a. m.,txn-0334,user46,89.166.204.40,Aprobada,,api,blacklist
13/05/2025,08:05:35 a. m.,txn-0335,user68,142.114.192.37,Aprobada,,api,"blacklist,frecuencia"
13/05/2025,08:05:36 a. m.,txn-0336,user80,215.54.231.140,Aprobada,,api,token
13/05/2025,08:05:37 a. m.,txn-0337,user24,24.19.122.156,Aprobada,,mobile,"frecuencia,token"
13/05/2025,08:05:38 a. m.,txn-0338,user39,209.212.191.69,Aprobada,,api,token
13/05/2025,08:05:39 a. m.,txn-0339,user65,144.188.250.221,Aprobada,,api,"token,geolocalización,frecuencia"
13/05/2025,08:05:40 a. m.,txn-0340,user46,15.192.101.157,Aprobada,,web,"blacklist,token,frecuencia"
13/05/2025,08:05:41 a. m.,txn-0341,user8,96.242.185.121,Aprobada,,mobile,geolocalización
13/05/2025,08:05:42 a. m.,txn-0342,user48,77.242.154.167,Rechazada,Token inválido,web,"geolocalización,frecuencia,blacklist"
13/05/2025,08:05:43 a. m.,txn-0343,user33,32.206.123.138,Aprobada,,mobile,blacklist
13/05/2025,08:05:44 a. m.,txn-0344,user4,43.110.163.113,Aprobada,,api,geolocalización
13/05/2025,08:05:45 a. m.,txn-0345,user93,112.16.239.139,Aprobada,,api,blacklist
13/05/2025,08:05:46 a. m.,txn-0346,user69,201.39.173.117,Aprobada,,api,"geolocalización,frecuencia"
13/05/2025,08:05:47 a. m.,txn-0347,user87,2.250.255.129,Aprobada,,web,frecuencia
13/05/2025,08:05:48 a. m.,txn-0348,user5,123.44.179.3,Aprobada,,api,"token,geolocalización,blacklist"
13/05/2025,08:05:49 a. m.,txn-0349,user3,165.233.48.129,Aprobada,,mobile,token
13/05/2025,08:05:50 a. m.,txn-0350,user64,152.241.128.93,Aprobada,,api,"geolocalización,frecuencia"
13/05/2025,08:05:51 a. m.,txn-0351,user99,81.177.114.199,Aprobada,,mobile,"frecuencia,token"
13/05/2025,08:05:52 a. m.,txn-0352,user2,33.255.10.129,Aprobada,,web,frecuencia
13/05/2025,08:05:53 a. m.,txn-0353,user77,96.83.47.51,Rechazada,IP sospechosa,api,"token,frecuencia"
13/05/2025,08:05:54 a. m.,txn-0354,user94,48.9.128.184,Aprobada,,api,"blacklist,token,frecuencia"
13/05/2025,08:05:55 a. m.,txn-0355,user93,141.81.202.40,Aprobada,,api,blacklist
13/05/2025,08:05:56 a. m.,txn-0356,user33,207.211.237.153,Aprobada,,api,"token,blacklist"
13/05/2025,08:05:57 a. m.,txn-0357,user19,18.244.208.137,Rechazada,Límite diario excedido,web,"frecuencia,token"
13/05/2025,08:05:58 a. m.,txn-0358,user57,155.48.153.77,Aprobada,,mobile,geolocalización
13/05/2025,08:05:59 a. m.,txn-0359,user19,220.27.85.78,Aprobada,,mobile,"frecuencia,geolocalización,token"
13/05/2025,08:06:00 a. m.,txn-0360,user3,60.125.202.43,Aprobada,,api,"geolocalización,blacklist,frecuencia"
13/05/2025,08:06:01 a. m.,txn-0361,user96,198.228.148.26,Aprobada,,web,"blacklist,geolocalización,frecuencia"
13/05/2025,08:06:02 a. m.,txn-0362,user80,99.211.75.109,Aprobada,,mobile,"token,frecuencia,geolocalización"
13/05/2025,08:06:03 a. m.,txn-0363,user92,68.105.79.75,Aprobada,,api,frecuencia
13/05/2025,08:06:04 a. m.,txn-0364,user57,217.206.2.244,Aprobada,,web,"frecuencia,geolocalización"
13/05/2025,08:06:05 a. m.,txn-0365,user9,146.217.189.251,Aprobada,,api,"geolocalización,frecuencia,blacklist"
13/05/2025,08:06:06 a. m.,txn-0366,user16,83.189.7.37,Aprobada,,api,"geolocalización,blacklist"
13/05/2025,08:06:07 a. m.,txn-0367,user49,74.230.21.162,Aprobada,,api,blacklist
13/05/2025,08:06:08 a. m.,txn-0368,user29,15.161.70.51,Aprobada,,api,"blacklist,frecuencia"
13/05/2025,08:06:09 a. m.,txn-0369,user98,80.37.186.241,Aprobada,,api,"geolocalización,frecuencia"
13/05/2025,08:06:10 a. m.,txn-0370,user48,189.215.232.108,Aprobada,,web,"blacklist,frecuencia,token"
13/05/2025,08:06:11 a. m.,txn-0371,user92,3.225.206.237,Aprobada,,mobile,"blacklist,token,frecuencia"
13/05/2025,08:06:12 a. m.,txn-0372,user31,209.186.234.102,Aprobada,,mobile,token
13/05/2025,08:06:13 a. m.,txn-0373,user69,36.45.46.26,Aprobada,,web,"frecuencia,geolocalización,token"
13/05/2025,08:06:14 a. m.,txn-0374,user31,181.133.85.191,Aprobada,,mobile,frecuencia
13/05/2025,08:06:15 a. m.,txn-0375,user73,139.14.79.11,Aprobada,,mobile,blacklist
13/05/2025,08:06:16 a. m.,txn-0376,user15,153.186.56.86,Aprobada,,api,"geolocalización,token,blacklist"
13/05/2025,08:06:17 a. m.,txn-0377,user82,203.144.174.91,Aprobada,,mobile,"token,geolocalización,blacklist"
13/05/2025,08:06:18 a. m.,txn-0378,user100,13.136.181.69,Aprobada,,web,"token,frecuencia,geolocalización"
13/05/2025,08:06:19 a. m.,txn-0379,user80,54.235.48.91,Aprobada,,web,"geolocalización,frecuencia"
13/05/2025,08:06:20 a. m.,txn-0380,user79,48.58.4.217,Aprobada,,mobile,frecuencia
13/05/2025,08:06:21 a. m.,txn-0381,user3,18.43.126.66,Aprobada,,api,frecuencia
13/05/2025,08:06:22 a. m.,txn-0382,user51,222.12.29.212,Aprobada,,web,geolocalización
13/05/2025,08:06:23 a. m.,txn-0383,user78,90.114.65.209,Aprobada,,mobile,frecuencia
13/05/2025,08:06:24 a. m.,txn-0384,user11,123.42.164.4,Aprobada,,mobile,"geolocalización,blacklist"
13/05/2025,08:06:25 a. m.,txn-0385,user6,52.13.135.233,Aprobada,,api,geolocalización
13/05/2025,08:06:26 a. m.,txn-0386,user85,195.31.244.38,Aprobada,,api,blacklist
13/05/2025,08:06:27 a. m.,txn-0387,user81,97.240.232.255,Aprobada,,mobile,"blacklist,geolocalización"
13/05/2025,08:06:28 a. m.,txn-0388,user14,80.172.107.19,Aprobada,,web,blacklist
13/05/2025,08:06:29 a. m.,txn-0389,user99,50.154.70.13,Aprobada,,web,token
13/05/2025,08:06:30 a. m.,txn-0390,user57,128.31.56.152,Rechazada,IP sospechosa,web,"blacklist,geolocalización,frecuencia"
13/05/2025,08:06:31 a. m.,txn-0391,user90,124.6.79.230,Aprobada,,mobile,blacklist
13/05/2025,08:06:32 a. m.,txn-0392,user38,207.251.48.27,Aprobada,,api,"frecuencia,token"
13/05/2025,08:06:33 a. m.,txn-0393,user11,147.6.114.169,Rechazada,Token inválido,api,"blacklist,frecuencia"
13/05/2025,08:06:34 a. m.,txn-0394,user84,216.89.149.201,Aprobada,,api,token
13/05/2025,08:06:35 a. m.,txn-0395,user81,121.111.22.155,Aprobada,,web,"frecuencia,geolocalización,blacklist"
13/05/2025,08:06:36 a. m.,txn-0396,user10,24.75.141.94,Aprobada,,api,"blacklist,frecuencia"
13/05/2025,08:06:37 a. m.,txn-0397,user61,180.246.150.198,Aprobada,,api,token
13/05/2025,08:06:38 a. m.,txn-0398,user75,23.99.203.4,Aprobada,,web,"frecuencia,token,geolocalización"
13/05/2025,08:06:39 a. m.,txn-0399,user68,202.140.14.140,Aprobada,,web,geolocalización
13/05/2025,08:06:40 a. m.,txn-0400,user76,48.65.55.139,Aprobada,,mobile,"token,blacklist"
13/05/2025,08:06:41 a. m.,txn-0401,user19,12.109.72.93,Aprobada,,web,blacklist
13/05/2025,08:06:42 a. m.,txn-0402,user42,219.134.27.207,Aprobada,,mobile,"token,frecuencia"
13/05/2025,08:06:43 a. m.,txn-0403,user82,203.254.97.16,Rechazada,Límite diario excedido,api,token
13/05/2025,08:06:44 a. m.,txn-0404,user88,83.93.52.205,Aprobada,,api,"frecuencia,blacklist,token"
13/05/2025,08:06:45 a. m.,txn-0405,user77,168.213.26.64,Rechazada,IP sospechosa,api,"geolocalización,token,blacklist"
13/05/2025,08:06:46 a. m.,txn-0406,user21,4.162.255.74,Aprobada,,web,"geolocalización,frecuencia"
13/05/2025,08:06:47 a. m.,txn-0407,user47,19.236.29.179,Aprobada,,mobile,frecuencia
13/05/2025,08:06:48 a. m.,txn-0408,user66,11.141.167.44,Aprobada,,web,"frecuencia,token"
13/05/2025,08:06:49 a. m.,txn-0409,user55,70.171.198.240,Aprobada,,web,"geolocalización,frecuencia"
13/05/2025,08:06:50 a. m.,txn-0410,user76,193.191.61.183,Rechazada,Token inválido,web,"token,frecuencia"
13/05/2025,08:06:51 a. m.,txn-0411,user56,189.169.197.137,Aprobada,,mobile,blacklist
13/05/2025,08:06:52 a. m.,txn-0412,user94,104.197.178.58,Aprobada,,api,"frecuencia,token"
13/05/2025,08:06:53 a. m.,txn-0413,user34,164.183.239.247,Aprobada,,web,"token,geolocalización"
13/05/2025,08:06:54 a. m.,txn-0414,user33,148.210.215.182,Aprobada,,mobile,"token,geolocalización"
13/05/2025,08:06:55 a. m.,txn-0415,user63,108.55.213.226,Aprobada,,api,"geolocalización,token,frecuencia"
13/05/2025,08:06:56 a. m.,txn-0416,user42,95.182.141.134,Aprobada,,api,"frecuencia,token"
13/05/2025,08:06:57 a. m.,txn-0417,user96,119.214.211.132,Aprobada,,web,"geolocalización,token"
13/05/2025,08:06:58 a. m.,txn-0418,user93,47.130.73.99,Aprobada,,web,blacklist
13/05/2025,08:06:59 a. m.,txn-0419,user40,60.56.121.13,Aprobada,,api,geolocalización
13/05/2025,08:07:00 a. m.,txn-0420,user30,113.203.38.224,Aprobada,,api,token
13/05/2025,08:07:01 a. m.,txn-0421,user21,115.57.66.227,Aprobada,,api,"geolocalización,blacklist,token"
13/05/2025,08:07:02 a. m.,txn-0422,user19,181.225.54.71,Aprobada,,api,blacklist
13/05/2025,08:07:03 a. m.,txn-0423,user24,130.253.143.115,Aprobada,,web,token
13/05/2025,08:07:04 a. m.,txn-0424,user38,56.213.108.61,Aprobada,,api,"blacklist,geolocalización,token"
13/05/2025,08:07:05 a. m.,txn-0425,user95,114.111.166.64,Aprobada,,api,"blacklist,token"
13/05/2025,08:07:06 a. m.,txn-0426,user43,201.214.116.55,Aprobada,,api,blacklist
13/05/2025,08:07:07 a. m.,txn-0427,user98,144.51.12.7,Rechazada,Límite diario excedido,api,"frecuencia,geolocalización,token"
13/05/2025,08:07:08 a. m.,txn-0428,user45,114.28.5.239,Aprobada,,mobile,"geolocalización,token"
13/05/2025,08:07:09 a. m.,txn-0429,user1,189.196.197.146,Aprobada,,mobile,"frecuencia,geolocalización,token"
13/05/2025,08:07:10 a. m.,txn-0430,user87,179.113.190.141,Aprobada,,api,"token,blacklist,frecuencia"
13/05/2025,08:07:11 a. m.,txn-0431,user53,162.123.249.225,Aprobada,,web,"blacklist,frecuencia,geolocalización"
13/05/2025,08:07:12 a. m.,txn-0432,user55,159.178.56.108,Aprobada,,mobile,"geolocalización,blacklist,frecuencia"
13/05/2025,08:07:13 a. m.,txn-0433,user75,151.249.29.214,Aprobada,,mobile,"blacklist,token"
13/05/2025,08:07:14 a. m.,txn-0434,user6,165.139.161.2,Aprobada,,mobile,"token,blacklist,geolocalización"
13/05/2025,08:07:15 a. m.,txn-0435,user86,6.154.64.12,Aprobada,,web,"blacklist,frecuencia"
13/05/2025,08:07:16 a. m.,txn-0436,user91,207.219.9.116,Aprobada,,mobile,"frecuencia,blacklist"
13/05/2025,08:07:17 a. m.,txn-0437,user43,81.116.126.205,Aprobada,,web,"token,blacklist"
13/05/2025,08:07:18 a. m.,txn-0438,user6,161.164.8.74,Aprobada,,web,"frecuencia,blacklist"
13/05/2025,08:07:19 a. m.,txn-0439,user25,170.224.80.177,Aprobada,,api,token
13/05/2025,08:07:20 a. m.,txn-0440,user9,50.239.72.74,Aprobada,,mobile,"token,geolocalización"
13/05/2025,08:07:21 a. m.,txn-0441,user48,70.67.6.201,Aprobada,,api,"geolocalización,token,frecuencia"
13/05/2025,08:07:22 a. m.,txn-0442,user89,87.84.159.43,Aprobada,,mobile,"geolocalización,token"
13/05/2025,08:07:23 a. m.,txn-0443,user26,185.79.242.156,Aprobada,,api,"geolocalización,frecuencia"
13/05/2025,08:07:24 a. m.,txn-0444,user61,195.38.82.209,Aprobada,,mobile,"token,blacklist,frecuencia"
13/05/2025,08:07:25 a. m.,txn-0445,user26,61.177.206.241,Aprobada,,mobile,geolocalización
13/05/2025,08:07:26 a. m.,txn-0446,user11,181.156.149.250,Aprobada,,mobile,"token,frecuencia"
13/05/2025,08:07:27 a. m.,txn-0447,user18,56.196.59.154,Aprobada,,web,"token,frecuencia"
13/05/2025,08:07:28 a. m.,txn-0448,user58,54.213.220.4,Aprobada,,mobile,frecuencia
13/05/2025,08:07:29 a. m.,txn-0449,user63,140.204.181.9,Aprobada,,api,"frecuencia,blacklist"
13/05/2025,08:07:30 a. m.,txn-0450,user99,7.193.246.159,Aprobada,,mobile,"frecuencia,token"
13/05/2025,08:07:31 a. m.,txn-0451,user15,24.202.190.0,Aprobada,,mobile,"blacklist,geolocalización,token"
13/05/2025,08:07:32 a. m.,txn-0452,user86,111.255.231.4,Aprobada,,web,"frecuencia,token"
13/05/2025,08:07:33 a. m.,txn-0453,user17,131.63.89.250,Rechazada,Límite diario excedido,web,"blacklist,token,geolocalización"
13/05/2025,08:07:34 a. m.,txn-0454,user85,177.203.155.48,Aprobada,,api,"blacklist,token,frecuencia"
13/05/2025,08:07:35 a. m.,txn-0455,user8,41.228.13.195,Rechazada,Límite diario excedido,web,"blacklist,geolocalización"
13/05/2025,08:07:36 a. m.,txn-0456,user87,58.177.159.35,Aprobada,,mobile,"blacklist,token"
13/05/2025,08:07:37 a. m.,txn-0457,user31,124.208.208.240,Aprobada,,web,"frecuencia,geolocalización"
13/05/2025,08:07:38 a. m.,txn-0458,user59,64.226.82.159,Aprobada,,mobile,"frecuencia,token,geolocalización"
13/05/2025,08:07:39 a. m.,txn-0459,user9,117.60.152.36,Aprobada,,web,"frecuencia,token"
13/05/2025,08:07:40 a. m.,txn-0460,user13,10.90.72.224,Aprobada,,web,token
13/05/2025,08:07:41 a. m.,txn-0461,user59,168.22.54.60,Aprobada,,web,"token,frecuencia,geolocalización"
13/05/2025,08:07:42 a. m.,txn-0462,user38,28.186.186.31,Rechazada,Token inválido,api,token
13/05/2025,08:07:43 a. m.,txn-0463,user84,11.25.54.144,Rechazada,IP sospechosa,api,"geolocalización,blacklist,frecuencia"
13/05/2025,08:07:44 a. m.,txn-0464,user7,66.40.218.46,Rechazada,IP sospechosa,mobile,"token,blacklist,geolocalización"
13/05/2025,08:07:45 a. m.,txn-0465,user42,207.76.196.233,Rechazada,Token inválido,api,"frecuencia,token,blacklist"
13/05/2025,08:07:46 a. m.,txn-0466,user20,105.128.64.0,Aprobada,,mobile,"blacklist,frecuencia"
13/05/2025,08:07:47 a. m.,txn-0467,user91,217.147.5.109,Aprobada,,mobile,blacklist
13/05/2025,08:07:48 a. m.,txn-0468,user48,77.82.166.119,Aprobada,,mobile,geolocalización
13/05/2025,08:07:49 a. m.,txn-0469,user46,42.152.3.5,Rechazada,Límite diario excedido,api,"token,geolocalización,frecuencia"
13/05/2025,08:07:50 a. m.,txn-0470,user87,188.107.186.213,Aprobada,,web,frecuencia
13/05/2025,08:07:51 a. m.,txn-0471,user28,200.255.39.88,Aprobada,,mobile,"frecuencia,token,geolocalización"
13/05/2025,08:07:52 a. m.,txn-0472,user11,135.76.221.34,Rechazada,Límite diario excedido,mobile,"frecuencia,geolocalización,blacklist"
13/05/2025,08:07:53 a. m.,txn-0473,user82,142.112.177.112,Rechazada,IP sospechosa,api,"geolocalización,blacklist"
13/05/2025,08:07:54 a. m.,txn-0474,user10,147.84.241.156,Aprobada,,mobile,frecuencia
13/05/2025,08:07:55 a. m.,txn-0475,user62,48.0.129.235,Aprobada,,web,token
13/05/2025,08:07:56 a. m.,txn-0476,user62,87.125.116.6,Aprobada,,mobile,"blacklist,frecuencia"
13/05/2025,08:07:57 a. m.,txn-0477,user88,138.203.80.64,Aprobada,,api,"frecuencia,token"
13/05/2025,08:07:58 a. m.,txn-0478,user22,55.191.174.134,Aprobada,,web,"blacklist,token"
13/05/2025,08:07:59 a. m.,txn-0479,user38,105.191.61.46,Aprobada,,web,geolocalización
13/05/2025,08:08:00 a. m.,txn-0480,user70,133.226.103.100,Rechazada,Token inválido,api,"blacklist,token,frecuencia"
13/05/2025,08:08:01 a. m.,txn-0481,user13,111.15.217.225,Aprobada,,api,geolocalización
13/05/2025,08:08:02 a. m.,txn-0482,user14,144.222.49.93,Aprobada,,api,"frecuencia,blacklist,token"
13/05/2025,08:08:03 a. m.,txn-0483,user26,93.130.82.156,Aprobada,,api,frecuencia
13/05/2025,08:08:04 a. m.,txn-0484,user17,101.110.127.74,Aprobada,,mobile,"token,blacklist,frecuencia"
13/05/2025,08:08:05 a. m.,txn-0485,user33,137.71.51.245,Aprobada,,web,"geolocalización,token"
13/05/2025,08:08:06 a. m.,txn-0486,user66,179.128.176.130,Aprobada,,web,blacklist
13/05/2025,08:08:07 a. m.,txn-0487,user87,171.228.80.151,Aprobada,,web,"token,blacklist"
13/05/2025,08:08:08 a. m.,txn-0488,user80,180.35.88.121,Aprobada,,api,frecuencia
13/05/2025,08:08:09 a. m.,txn-0489,user98,37.151.228.23,Rechazada,IP sospechosa,web,token
13/05/2025,08:08:10 a. m.,txn-0490,user8,33.143.100.138,Aprobada,,mobile,"blacklist,token,frecuencia"
13/05/2025,08:08:11 a. m.,txn-0491,user50,218.185.248.6,Aprobada,,web,"blacklist,token"
13/05/2025,08:08:12 a. m.,txn-0492,user75,204.1.110.210,Aprobada,,mobile,"blacklist,token"
13/05/2025,08:08:13 a. m.,txn-0493,user81,198.54.161.211,Aprobada,,web,"frecuencia,blacklist"
13/05/2025,08:08:14 a. m.,txn-0494,user76,2.192.19.21,Aprobada,,web,"geolocalización,frecuencia,blacklist"
13/05/2025,08:08:15 a. m.,txn-0495,user51,219.18.58.152,Aprobada,,mobile,"geolocalización,frecuencia,token"
13/05/2025,08:08:16 a. m.,txn-0496,user22,24.173.20.172,Aprobada,,api,geolocalización
13/05/2025,08:08:17 a. m.,txn-0497,user44,82.239.111.122,Aprobada,,web,token
13/05/2025,08:08:18 a. m.,txn-0498,user25,206.12.128.10,Aprobada,,web,frecuencia
13/05/2025,08:08:19 a. m.,txn-0499,user1,12.68.148.254,Aprobada,,api,"geolocalización,token"
13/05/2025,08:08:20 a. m.,txn-0500,user54,69.217.68.53,Aprobada,,mobile,"geolocalización,token"
13/05/2025,08:08:21 a. m.,txn-0501,user86,220.92.38.203,Aprobada,,mobile,"geolocalización,blacklist"
13/05/2025,08:08:22 a. m.,txn-0502,user88,115.109.245.127,Aprobada,,mobile,"token,geolocalización"
13/05/2025,08:08:23 a. m.,txn-0503,user14,73.202.51.146,Aprobada,,web,geolocalización
13/05/2025,08:08:24 a. m.,txn-0504,user88,98.105.86.241,Aprobada,,web,frecuencia
13/05/2025,08:08:25 a. m.,txn-0505,user93,172.100.117.125,Aprobada,,mobile,"token,geolocalización"
13/05/2025,08:08:26 a. m.,txn-0506,user71,32.107.42.75,Aprobada,,mobile,geolocalización
13/05/2025,08:08:27 a. m.,txn-0507,user72,189.153.172.99,Aprobada,,web,"geolocalización,token"
13/05/2025,08:08:28 a. m.,txn-0508,user42,163.73.253.217,Aprobada,,mobile,"geolocalización,blacklist"
13/05/2025,08:08:29 a. m.,txn-0509,user62,51.100.228.82,Aprobada,,mobile,"geolocalización,blacklist,token"
13/05/2025,08:08:30 a. m.,txn-0510,user49,201.240.209.10,Aprobada,,web,"token,geolocalización"
13/05/2025,08:08:31 a. m.,txn-0511,user81,57.149.240.157,Aprobada,,api,geolocalización
13/05/2025,08:08:32 a. m.,txn-0512,user1,4.131.20.5,Aprobada,,api,"geolocalización,frecuencia"
13/05/2025,08:08:33 a. m.,txn-0513,user64,108.111.69.241,Aprobada,,mobile,"geolocalización,frecuencia,blacklist"
13/05/2025,08:08:34 a. m.,txn-0514,user7,172.63.226.214,Aprobada,,mobile,blacklist
13/05/2025,08:08:35 a. m.,txn-0515,user49,87.63.219.24,Aprobada,,web,"token,blacklist,frecuencia"
13/05/2025,08:08:36 a. m.,txn-0516,user78,109.162.235.189,Aprobada,,mobile,"frecuencia,token,geolocalización"
13/05/2025,08:08:37 a. m.,txn-0517,user78,202.87.19.251,Aprobada,,api,geolocalización
13/05/2025,08:08:38 a. m.,txn-0518,user66,138.130.137.99,Aprobada,,mobile,blacklist
13/05/2025,08:08:39 a. m.,txn-0519,user15,79.85.52.26,Aprobada,,web,"blacklist,token,geolocalización"
13/05/2025,08:08:40 a. m.,txn-0520,user35,35.82.127.228,Aprobada,,api,"geolocalización,blacklist,token"
13/05/2025,08:08:41 a. m.,txn-0521,user64,104.187.151.20,Aprobada,,web,blacklist
13/05/2025,08:08:42 a. m.,txn-0522,user56,210.16.198.18,Rechazada,Límite diario excedido,mobile,"token,geolocalización"
13/05/2025,08:08:43 a. m.,txn-0523,user69,132.242.186.72,Aprobada,,api,"blacklist,token"
13/05/2025,08:08:44 a. m.,txn-0524,user17,177.166.238.212,Aprobada,,api,"blacklist,frecuencia"
13/05/2025,08:08:45 a. m.,txn-0525,user41,44.254.94.146,Aprobada,,web,"blacklist,geolocalización"
13/05/2025,08:08:46 a. m.,txn-0526,user79,183.186.210.26,Aprobada,,mobile,"frecuencia,token,blacklist"
13/05/2025,08:08:47 a. m.,txn-0527,user4,84.37.211.252,Aprobada,,web,"blacklist,frecuencia,geolocalización"
13/05/2025,08:08:48 a. m.,txn-0528,user84,163.88.108.160,Aprobada,,web,"geolocalización,blacklist"
13/05/2025,08:08:49 a. m.,txn-0529,user30,58.26.203.87,Aprobada,,web,token
13/05/2025,08:08:50 a. m.,txn-0530,user70,210.177.152.92,Aprobada,,web,frecuencia
13/05/2025,08:08:51 a. m.,txn-0531,user17,20.60.242.122,Aprobada,,web,"blacklist,token"
13/05/2025,08:08:52 a. m.,txn-0532,user14,74.181.187.62,Aprobada,,mobile,"blacklist,geolocalización,token"
13/05/2025,08:08:53 a. m.,txn-0533,user48,204.97.182.159,Aprobada,,web,token
13/05/2025,08:08:54 a. m.,txn-0534,user70,198.159.66.62,Aprobada,,api,"frecuencia,blacklist"
13/05/2025,08:08:55 a. m.,txn-0535,user94,128.129.245.174,Aprobada,,api,"frecuencia,token,blacklist"
13/05/2025,08:08:56 a. m.,txn-0536,user92,162.22.175.220,Aprobada,,api,"token,frecuencia"
13/05/2025,08:08:57 a. m.,txn-0537,user11,104.112.177.216,Aprobada,,mobile,frecuencia
13/05/2025,08:08:58 a. m.,txn-0538,user47,16.109.167.201,Aprobada,,api,geolocalización
13/05/2025,08:08:59 a. m.,txn-0539,user94,73.150.172.191,Aprobada,,web,"blacklist,geolocalización"
13/05/2025,08:09:00 a. m.,txn-0540,user4,148.1.26.89,Aprobada,,mobile,"token,geolocalización,blacklist"
13/05/2025,08:09:01 a. m.,txn-0541,user52,94.10.48.171,Aprobada,,mobile,token
13/05/2025,08:09:02 a. m.,txn-0542,user58,135.254.221.174,Aprobada,,api,"blacklist,frecuencia,geolocalización"
13/05/2025,08:09:03 a. m.,txn-0543,user53,75.102.78.107,Aprobada,,mobile,"frecuencia,geolocalización,blacklist"
13/05/2025,08:09:04 a. m.,txn-0544,user27,113.37.93.96,Aprobada,,web,"frecuencia,token,geolocalización"
13/05/2025,08:09:05 a. m.,txn-0545,user75,22.77.120.143,Rechazada,IP sospechosa,api,"geolocalización,blacklist"
13/05/2025,08:09:06 a. m.,txn-0546,user16,44.222.64.114,Aprobada,,mobile,"blacklist,token,frecuencia"
13/05/2025,08:09:07 a. m.,txn-0547,user87,132.94.58.52,Aprobada,,web,"blacklist,geolocalización,frecuencia"
13/05/2025,08:09:08 a. m.,txn-0548,user62,219.37.30.90,Aprobada,,api,"geolocalización,frecuencia,blacklist"
13/05/2025,08:09:09 a. m.,txn-0549,user94,182.163.178.23,Aprobada,,mobile,token
13/05/2025,08:09:10 a. m.,txn-0550,user64,133.98.222.160,Aprobada,,api,frecuencia
13/05/2025,08:09:11 a. m.,txn-0551,user69,170.122.204.113,Aprobada,,web,"frecuencia,token"
13/05/2025,08:09:12 a. m.,txn-0552,user94,15.248.215.235,Aprobada,,api,"frecuencia,blacklist"
13/05/2025,08:09:13 a. m.,txn-0553,user5,218.152.182.214,Aprobada,,mobile,"geolocalización,token"
13/05/2025,08:09:14 a. m.,txn-0554,user60,169.15.209.18,Aprobada,,web,frecuencia
13/05/2025,08:09:15 a. m.,txn-0555,user46,136.230.0.223,Aprobada,,web,"blacklist,frecuencia"
13/05/2025,08:09:16 a. m.,txn-0556,user100,3.18.250.251,Aprobada,,web,"frecuencia,geolocalización"
13/05/2025,08:09:17 a. m.,txn-0557,user69,52.46.109.45,Aprobada,,web,"frecuencia,blacklist,geolocalización"
13/05/2025,08:09:18 a. m.,txn-0558,user20,135.143.105.247,Aprobada,,mobile,"frecuencia,geolocalización,blacklist"
13/05/2025,08:09:19 a. m.,txn-0559,user87,68.140.77.48,Aprobada,,web,frecuencia
13/05/2025,08:09:20 a. m.,txn-0560,user15,208.137.228.33,Rechazada,Límite diario excedido,mobile,"token,frecuencia"
13/05/2025,08:09:21 a. m.,txn-0561,user88,143.32.207.17,Aprobada,,api,"geolocalización,blacklist,token"
13/05/2025,08:09:22 a. m.,txn-0562,user68,16.227.216.78,Aprobada,,api,token
13/05/2025,08:09:23 a. m.,txn-0563,user84,36.199.66.34,Aprobada,,web,geolocalización
13/05/2025,08:09:24 a. m.,txn-0564,user30,52.199.94.16,Aprobada,,mobile,"token,geolocalización"
13/05/2025,08:09:25 a. m.,txn-0565,user100,210.20.151.121,Aprobada,,mobile,"frecuencia,token,blacklist"
13/05/2025,08:09:26 a. m.,txn-0566,user14,15.96.15.66,Aprobada,,api,token
13/05/2025,08:09:27 a. m.,txn-0567,user34,196.166.25.73,Rechazada,IP sospechosa,mobile,"token,geolocalización,blacklist"
13/05/2025,08:09:28 a. m.,txn-0568,user51,166.66.85.109,Aprobada,,mobile,"frecuencia,blacklist"
13/05/2025,08:09:29 a. m.,txn-0569,user19,26.85.223.34,Rechazada,Límite diario excedido,api,"geolocalización,blacklist"
13/05/2025,08:09:30 a. m.,txn-0570,user48,210.227.214.111,Aprobada,,mobile,geolocalización
13/05/2025,08:09:31 a. m.,txn-0571,user74,207.85.139.49,Aprobada,,api,token
13/05/2025,08:09:32 a. m.,txn-0572,user56,126.138.11.9,Aprobada,,api,"blacklist,token"
13/05/2025,08:09:33 a. m.,txn-0573,user51,119.251.124.10,Rechazada,IP sospechosa,api,geolocalización
13/05/2025,08:09:34 a. m.,txn-0574,user2,163.243.21.183,Aprobada,,mobile,token
13/05/2025,08:09:35 a. m.,txn-0575,user91,91.104.201.149,Aprobada,,mobile,"token,geolocalización,blacklist"
13/05/2025,08:09:36 a. m.,txn-0576,user72,181.232.121.112,Aprobada,,mobile,"frecuencia,token,blacklist"
13/05/2025,08:09:37 a. m.,txn-0577,user76,6.217.7.165,Aprobada,,api,geolocalización
13/05/2025,08:09:38 a. m.,txn-0578,user12,16.173.174.237,Aprobada,,web,"geolocalización,frecuencia"
13/05/2025,08:09:39 a. m.,txn-0579,user19,75.31.124.37,Aprobada,,api,blacklist
13/05/2025,08:09:40 a. m.,txn-0580,user27,93.232.193.168,Aprobada,,web,"frecuencia,token"
13/05/2025,08:09:41 a. m.,txn-0581,user23,126.236.245.194,Aprobada,,mobile,"geolocalización,blacklist,frecuencia"
13/05/2025,08:09:42 a. m.,txn-0582,user56,108.82.161.35,Aprobada,,web,"geolocalización,frecuencia,token"
13/05/2025,08:09:43 a. m.,txn-0583,user94,38.8.220.138,Aprobada,,mobile,"token,blacklist,geolocalización"
13/05/2025,08:09:44 a. m.,txn-0584,user62,156.128.243.41,Aprobada,,web,frecuencia
13/05/2025,08:09:45 a. m.,txn-0585,user51,36.71.163.194,Aprobada,,api,"frecuencia,token"
13/05/2025,08:09:46 a. m.,txn-0586,user23,58.209.186.250,Aprobada,,api,frecuencia
13/05/2025,08:09:47 a. m.,txn-0587,user25,181.165.243.153,Aprobada,,mobile,"geolocalización,token"
13/05/2025,08:09:48 a. m.,txn-0588,user16,103.220.81.70,Aprobada,,mobile,"frecuencia,geolocalización,blacklist"
13/05/2025,08:09:49 a. m.,txn-0589,user26,25.252.194.89,Aprobada,,api,"geolocalización,blacklist"
13/05/2025,08:09:50 a. m.,txn-0590,user25,214.34.30.209,Aprobada,,api,"blacklist,token"
13/05/2025,08:09:51 a. m.,txn-0591,user41,191.251.15.78,Aprobada,,mobile,"blacklist,token"
13/05/2025,08:09:52 a. m.,txn-0592,user23,45.234.226.37,Aprobada,,mobile,"token,geolocalización"
13/05/2025,08:09:53 a. m.,txn-0593,user26,103.181.162.190,Aprobada,,web,token
13/05/2025,08:09:54 a. m.,txn-0594,user11,80.52.223.220,Aprobada,,api,"geolocalización,token,frecuencia"
13/05/2025,08:09:55 a. m.,txn-0595,user6,183.163.237.225,Aprobada,,api,"geolocalización,blacklist"
13/05/2025,08:09:56 a. m.,txn-0596,user56,51.247.241.253,Aprobada,,mobile,"blacklist,token"
13/05/2025,08:09:57 a. m.,txn-0597,user89,138.66.236.12,Aprobada,,web,"frecuencia,token,blacklist"
13/05/2025,08:09:58 a. m.,txn-0598,user78,175.184.90.101,Aprobada,,api,blacklist
13/05/2025,08:09:59 a. m.,txn-0599,user20,217.192.179.208,Aprobada,,web,token
13/05/2025,08:10:00 a. m.,txn-0600,user5,155.67.89.161,Aprobada,,web,"blacklist,frecuencia,token"
13/05/2025,08:10:01 a. m.,txn-0601,user95,20.174.183.36,Aprobada,,mobile,"frecuencia,geolocalización"
13/05/2025,08:10:02 a. m.,txn-0602,user52,62.114.193.220,Aprobada,,api,frecuencia
13/05/2025,08:10:03 a. m.,txn-0603,user95,42.90.42.198,Aprobada,,web,frecuencia
13/05/2025,08:10:04 a. m.,txn-0604,user67,221.169.130.253,Aprobada,,mobile,geolocalización
13/05/2025,08:10:05 a. m.,txn-0605,user58,61.119.86.111,Aprobada,,web,"geolocalización,token"
13/05/2025,08:10:06 a. m.,txn-0606,user7,23.55.255.246,Aprobada,,web,token
13/05/2025,08:10:07 a. m.,txn-0607,user45,90.101.232.230,Aprobada,,mobile,"geolocalización,frecuencia"
13/05/2025,08:10:08 a. m.,txn-0608,user73,6.163.179.94,Aprobada,,api,frecuencia
13/05/2025,08:10:09 a. m.,txn-0609,user95,109.191.173.208,Aprobada,,mobile,"geolocalización,frecuencia"
13/05/2025,08:10:10 a. m.,txn-0610,user83,205.148.131.162,Aprobada,,web,"frecuencia,geolocalización,token"
13/05/2025,08:10:11 a. m.,txn-0611,user37,54.249.141.34,Aprobada,,mobile,"token,geolocalización,frecuencia"
13/05/2025,08:10:12 a. m.,txn-0612,user30,60.6.113.73,Rechazada,Token inválido,web,"token,frecuencia"
13/05/2025,08:10:13 a. m.,txn-0613,user50,36.13.156.228,Rechazada,Límite diario excedido,mobile,blacklist
13/05/2025,08:10:14 a. m.,txn-0614,user17,83.12.238.28,Aprobada,,mobile,"geolocalización,blacklist"
13/05/2025,08:10:15 a. m.,txn-0615,user3,114.244.95.43,Aprobada,,web,"blacklist,frecuencia,token"
13/05/2025,08:10:16 a. m.,txn-0616,user62,145.187.31.45,Aprobada,,api,"blacklist,token,frecuencia"
13/05/2025,08:10:17 a. m.,txn-0617,user60,120.60.136.168,Aprobada,,mobile,"token,geolocalización,blacklist"
13/05/2025,08:10:18 a. m.,txn-0618,user96,20.66.52.114,Aprobada,,mobile,blacklist
13/05/2025,08:10:19 a. m.,txn-0619,user25,157.51.102.207,Rechazada,Token inválido,web,blacklist
13/05/2025,08:10:20 a. m.,txn-0620,user59,14.112.30.52,Aprobada,,web,blacklist
13/05/2025,08:10:21 a. m.,txn-0621,user33,35.6.216.250,Aprobada,,web,"frecuencia,blacklist,token"
13/05/2025,08:10:22 a. m.,txn-0622,user58,78.169.97.125,Aprobada,,web,"geolocalización,token"
13/05/2025,08:10:23 a. m.,txn-0623,user78,209.148.27.98,Aprobada,,web,geolocalización
13/05/2025,08:10:24 a. m.,txn-0624,user33,41.90.204.189,Aprobada,,web,token
13/05/2025,08:10:25 a. m.,txn-0625,user88,93.53.181.60,Aprobada,,mobile,"geolocalización,token,frecuencia"
13/05/2025,08:10:26 a. m.,txn-0626,user92,111.228.192.144,Aprobada,,web,"geolocalización,frecuencia"
13/05/2025,08:10:27 a. m.,txn-0627,user80,63.243.22.80,Aprobada,,api,"blacklist,geolocalización"
13/05/2025,08:10:28 a. m.,txn-0628,user59,55.25.207.240,Aprobada,,web,"token,frecuencia"
13/05/2025,08:10:29 a. m.,txn-0629,user96,214.238.178.168,Aprobada,,mobile,geolocalización
13/05/2025,08:10:30 a. m.,txn-0630,user77,204.167.162.31,Aprobada,,api,"blacklist,geolocalización,frecuencia"
13/05/2025,08:10:31 a. m.,txn-0631,user63,37.186.21.5,Aprobada,,mobile,geolocalización
13/05/2025,08:10:32 a. m.,txn-0632,user93,41.90.61.83,Aprobada,,web,blacklist
13/05/2025,08:10:33 a. m.,txn-0633,user38,148.206.244.179,Rechazada,Token inválido,mobile,"geolocalización,blacklist,frecuencia"
13/05/2025,08:10:34 a. m.,txn-0634,user78,90.236.99.71,Rechazada,Token inválido,api,"frecuencia,geolocalización,token"
13/05/2025,08:10:35 a. m.,txn-0635,user40,29.13.56.138,Aprobada,,api,"geolocalización,token,blacklist"
13/05/2025,08:10:36 a. m.,txn-0636,user99,143.60.61.153,Rechazada,IP sospechosa,web,"frecuencia,blacklist"
13/05/2025,08:10:37 a. m.,txn-0637,user82,41.4.236.87,Aprobada,,web,geolocalización
13/05/2025,08:10:38 a. m.,txn-0638,user59,128.47.157.182,Aprobada,,web,"geolocalización,frecuencia"
13/05/2025,08:10:39 a. m.,txn-0639,user59,97.161.194.226,Aprobada,,mobile,"geolocalización,frecuencia,blacklist"
13/05/2025,08:10:40 a. m.,txn-0640,user32,165.3.111.1,Rechazada,Límite diario excedido,api,"frecuencia,blacklist,geolocalización"
13/05/2025,08:10:41 a. m.,txn-0641,user27,163.59.50.159,Aprobada,,mobile,"frecuencia,token"
13/05/2025,08:10:42 a. m.,txn-0642,user67,146.178.146.79,Aprobada,,mobile,"frecuencia,geolocalización,token"
13/05/2025,08:10:43 a. m.,txn-0643,user21,160.7.31.25,Aprobada,,api,"frecuencia,blacklist"
13/05/2025,08:10:44 a. m.,txn-0644,user92,12.21.73.13,Aprobada,,api,blacklist
13/05/2025,08:10:45 a. m.,txn-0645,user16,115.216.5.165,Aprobada,,api,"token,frecuencia,blacklist"
13/05/2025,08:10:46 a. m.,txn-0646,user82,120.154.166.247,Aprobada,,web,"blacklist,geolocalización"
13/05/2025,08:10:47 a. m.,txn-0647,user99,75.215.80.181,Aprobada,,api,"blacklist,geolocalización"
13/05/2025,08:10:48 a. m.,txn-0648,user80,178.200.2.28,Aprobada,,api,"blacklist,token,geolocalización"
13/05/2025,08:10:49 a. m.,txn-0649,user89,169.51.7.192,Aprobada,,mobile,"geolocalización,blacklist,frecuencia"
13/05/2025,08:10:50 a. m.,txn-0650,user46,202.242.137.80,Aprobada,,api,geolocalización
13/05/2025,08:10:51 a. m.,txn-0651,user76,69.214.193.228,Aprobada,,mobile,frecuencia
13/05/2025,08:10:52 a. m.,txn-0652,user64,116.183.89.15,Aprobada,,api,"frecuencia,geolocalización"
13/05/2025,08:10:53 a. m.,txn-0653,user21,146.45.99.54,Aprobada,,web,"blacklist,token"
13/05/2025,08:10:54 a. m.,txn-0654,user48,36.45.196.187,Aprobada,,mobile,blacklist
13/05/2025,08:10:55 a. m.,txn-0655,user15,66.172.62.57,Aprobada,,web,"frecuencia,blacklist,token"
13/05/2025,08:10:56 a. m.,txn-0656,user91,112.65.179.238,Aprobada,,web,"token,blacklist,geolocalización"
13/05/2025,08:10:57 a. m.,txn-0657,user54,115.117.80.125,Aprobada,,mobile,geolocalización
13/05/2025,08:10:58 a. m.,txn-0658,user68,200.50.208.205,Aprobada,,api,"geolocalización,token,frecuencia"
13/05/2025,08:10:59 a. m.,txn-0659,user24,126.247.139.103,Aprobada,,web,"frecuencia,blacklist,geolocalización"
13/05/2025,08:11:00 a. m.,txn-0660,user16,51.220.46.78,Aprobada,,web,blacklist
13/05/2025,08:11:01 a. m.,txn-0661,user8,152.228.214.76,Aprobada,,web,geolocalización
13/05/2025,08:11:02 a. m.,txn-0662,user90,192.52.7.60,Aprobada,,api,blacklist
13/05/2025,08:11:03 a. m.,txn-0663,user18,111.215.47.86,Aprobada,,web,"blacklist,token,frecuencia"
13/05/2025,08:11:04 a. m.,txn-0664,user63,22.11.102.96,Aprobada,,mobile,frecuencia
13/05/2025,08:11:05 a. m.,txn-0665,user73,184.112.198.147,Aprobada,,api,"frecuencia,blacklist"
13/05/2025,08:11:06 a. m.,txn-0666,user29,111.196.88.130,Aprobada,,web,token
13/05/2025,08:11:07 a. m.,txn-0667,user83,58.114.83.48,Aprobada,,web,"blacklist,geolocalización"
13/05/2025,08:11:08 a. m.,txn-0668,user60,3.112.21.148,Aprobada,,mobile,"blacklist,token,frecuencia"
13/05/2025,08:11:09 a. m.,txn-0669,user41,119.62.29.60,Aprobada,,web,frecuencia
13/05/2025,08:11:10 a. m.,txn-0670,user12,106.188.179.108,Aprobada,,api,"geolocalización,token,frecuencia"
13/05/2025,08:11:11 a. m.,txn-0671,user78,30.162.212.73,Aprobada,,mobile,"token,frecuencia"
13/05/2025,08:11:12 a. m.,txn-0672,user61,52.1.191.41,Rechazada,Token inválido,api,"geolocalización,frecuencia,blacklist"
13/05/2025,08:11:13 a. m.,txn-0673,user84,150.227.202.138,Aprobada,,web,"blacklist,frecuencia,token"
13/05/2025,08:11:14 a. m.,txn-0674,user49,166.201.156.43,Aprobada,,api,"token,frecuencia"
13/05/2025,08:11:15 a. m.,txn-0675,user44,223.176.203.26,Aprobada,,mobile,geolocalización
13/05/2025,08:11:16 a. m.,txn-0676,user55,189.50.79.166,Aprobada,,mobile,blacklist
13/05/2025,08:11:17 a. m.,txn-0677,user56,27.205.28.35,Aprobada,,web,"frecuencia,geolocalización,blacklist"
13/05/2025,08:11:18 a. m.,txn-0678,user18,31.36.183.101,Aprobada,,web,"blacklist,token"
13/05/2025,08:11:19 a. m.,txn-0679,user100,100.140.223.38,Aprobada,,web,"token,frecuencia,blacklist"
13/05/2025,08:11:20 a. m.,txn-0680,user92,15.171.40.107,Aprobada,,mobile,geolocalización
13/05/2025,08:11:21 a. m.,txn-0681,user28,55.48.168.220,Aprobada,,web,token
13/05/2025,08:11:22 a. m.,txn-0682,user55,108.196.94.43,Aprobada,,api,"blacklist,geolocalización"
13/05/2025,08:11:23 a. m.,txn-0683,user32,132.100.181.168,Aprobada,,web,geolocalización
13/05/2025,08:11:24 a. m.,txn-0684,user10,3.223.203.134,Aprobada,,mobile,"token,blacklist,frecuencia"
13/05/2025,08:11:25 a. m.,txn-0685,user23,117.158.28.1,Aprobada,,api,blacklist
13/05/2025,08:11:26 a. m.,txn-0686,user50,69.112.182.33,Aprobada,,mobile,"geolocalización,token,frecuencia"
13/05/2025,08:11:27 a. m.,txn-0687,user24,122.50.54.223,Aprobada,,api,token
13/05/2025,08:11:28 a. m.,txn-0688,user20,210.123.40.136,Aprobada,,mobile,token
13/05/2025,08:11:29 a. m.,txn-0689,user68,145.20.101.202,Aprobada,,api,"frecuencia,blacklist"
13/05/2025,08:11:30 a. m.,txn-0690,user90,175.44.250.132,Aprobada,,api,"geolocalización,frecuencia,token"
13/05/2025,08:11:31 a. m.,txn-0691,user53,139.86.52.143,Rechazada,Token inválido,web,blacklist
13/05/2025,08:11:32 a. m.,txn-0692,user65,80.159.51.213,Aprobada,,web,blacklist
13/05/2025,08:11:33 a. m.,txn-0693,user85,193.201.78.133,Aprobada,,web,"frecuencia,token"
13/05/2025,08:11:34 a. m.,txn-0694,user84,139.94.172.56,Aprobada,,api,"token,geolocalización,frecuencia"
13/05/2025,08:11:35 a. m.,txn-0695,user97,202.5.16.188,Rechazada,IP sospechosa,api,frecuencia
13/05/2025,08:11:36 a. m.,txn-0696,user69,87.207.22.192,Rechazada,Límite diario excedido,api,geolocalización
13/05/2025,08:11:37 a. m.,txn-0697,user88,20.178.176.44,Aprobada,,mobile,"geolocalización,token,blacklist"
13/05/2025,08:11:38 a. m.,txn-0698,user89,12.234.38.177,Aprobada,,api,blacklist
13/05/2025,08:11:39 a. m.,txn-0699,user87,151.32.139.61,Rechazada,IP sospechosa,mobile,frecuencia
13/05/2025,08:11:40 a. m.,txn-0700,user43,31.20.162.166,Aprobada,,mobile,"frecuencia,token,geolocalización"
13/05/2025,08:11:41 a. m.,txn-0701,user48,198.242.121.194,Aprobada,,mobile,"token,frecuencia"
13/05/2025,08:11:42 a. m.,txn-0702,user19,105.66.7.253,Aprobada,,web,"frecuencia,blacklist"
13/05/2025,08:11:43 a. m.,txn-0703,user32,220.10.115.217,Rechazada,IP sospechosa,api,"frecuencia,geolocalización"
13/05/2025,08:11:44 a. m.,txn-0704,user5,41.181.7.189,Aprobada,,api,"geolocalización,blacklist"
13/05/2025,08:11:45 a. m.,txn-0705,user81,193.221.73.95,Aprobada,,api,token
13/05/2025,08:11:46 a. m.,txn-0706,user53,88.144.18.105,Aprobada,,web,"token,blacklist"
13/05/2025,08:11:47 a. m.,txn-0707,user85,130.140.226.177,Aprobada,,mobile,"geolocalización,blacklist,token"
13/05/2025,08:11:48 a. m.,txn-0708,user22,25.129.70.107,Aprobada,,api,"frecuencia,blacklist"
13/05/2025,08:11:49 a. m.,txn-0709,user95,159.226.49.207,Aprobada,,web,"blacklist,frecuencia,geolocalización"
13/05/2025,08:11:50 a. m.,txn-0710,user15,28.245.153.184,Aprobada,,web,blacklist
13/05/2025,08:11:51 a. m.,txn-0711,user12,35.106.70.215,Aprobada,,web,"frecuencia,token,blacklist"
13/05/2025,08:11:52 a. m.,txn-0712,user51,89.210.187.238,Aprobada,,web,"geolocalización,frecuencia"
13/05/2025,08:11:53 a. m.,txn-0713,user88,222.107.5.91,Aprobada,,mobile,token
13/05/2025,08:11:54 a. m.,txn-0714,user34,199.42.103.206,Aprobada,,mobile,"frecuencia,blacklist"
13/05/2025,08:11:55 a. m.,txn-0715,user57,80.170.63.49,Aprobada,,mobile,"token,frecuencia"
13/05/2025,08:11:56 a. m.,txn-0716,user24,160.223.183.24,Aprobada,,api,"geolocalización,blacklist"
13/05/2025,08:11:57 a. m.,txn-0717,user66,93.45.130.64,Aprobada,,mobile,"token,frecuencia,geolocalización"
13/05/2025,08:11:58 a. m.,txn-0718,user34,126.146.127.144,Aprobada,,api,"blacklist,token"
13/05/2025,08:11:59 a. m.,txn-0719,user16,86.180.166.232,Aprobada,,web,"token,geolocalización"
13/05/2025,08:12:00 a. m.,txn-0720,user79,22.28.91.180,Rechazada,Token inválido,api,"blacklist,geolocalización,token"
13/05/2025,08:12:01 a. m.,txn-0721,user25,9.135.184.148,Aprobada,,mobile,geolocalización
13/05/2025,08:12:02 a. m.,txn-0722,user38,60.167.111.36,Aprobada,,api,"frecuencia,token,geolocalización"
13/05/2025,08:12:03 a. m.,txn-0723,user10,58.74.110.162,Aprobada,,web,geolocalización
13/05/2025,08:12:04 a. m.,txn-0724,user47,64.147.151.241,Aprobada,,mobile,"geolocalización,token,frecuencia"
13/05/2025,08:12:05 a. m.,txn-0725,user69,28.83.11.253,Aprobada,,api,"frecuencia,token"
13/05/2025,08:12:06 a. m.,txn-0726,user44,199.227.114.211,Rechazada,Token inválido,mobile,"geolocalización,frecuencia,blacklist"
13/05/2025,08:12:07 a. m.,txn-0727,user88,135.21.173.24,Aprobada,,web,blacklist
13/05/2025,08:12:08 a. m.,txn-0728,user73,18.57.146.16,Aprobada,,mobile,geolocalización
13/05/2025,08:12:09 a. m.,txn-0729,user7,38.106.203.78,Aprobada,,web,"geolocalización,frecuencia,token"
13/05/2025,08:12:10 a. m.,txn-0730,user55,91.139.112.128,Rechazada,IP sospechosa,api,"token,blacklist,geolocalización"
13/05/2025,08:12:11 a. m.,txn-0731,user4,3.123.160.207,Aprobada,,web,"token,frecuencia"
13/05/2025,08:12:12 a. m.,txn-0732,user1,217.85.13.124,Aprobada,,web,"token,frecuencia"
13/05/2025,08:12:13 a. m.,txn-0733,user8,65.207.142.69,Aprobada,,web,"blacklist,token,geolocalización"
13/05/2025,08:12:14 a. m.,txn-0734,user23,46.198.216.206,Aprobada,,api,"blacklist,frecuencia"
13/05/2025,08:12:15 a. m.,txn-0735,user71,50.12.47.104,Rechazada,Límite diario excedido,api,geolocalización
13/05/2025,08:12:16 a. m.,txn-0736,user22,173.109.199.60,Aprobada,,web,geolocalización
13/05/2025,08:12:17 a. m.,txn-0737,user71,125.248.6.185,Aprobada,,api,"geolocalización,token"
13/05/2025,08:12:18 a. m.,txn-0738,user84,120.61.248.108,Aprobada,,api,blacklist
13/05/2025,08:12:19 a. m.,txn-0739,user28,6.163.123.48,Aprobada,,mobile,"frecuencia,token"
13/05/2025,08:12:20 a. m.,txn-0740,user90,50.133.19.6,Aprobada,,api,"token,frecuencia"
13/05/2025,08:12:21 a. m.,txn-0741,user98,52.36.64.32,Aprobada,,mobile,"geolocalización,frecuencia"
13/05/2025,08:12:22 a. m.,txn-0742,user39,15.168.157.51,Aprobada,,api,"token,frecuencia"
13/05/2025,08:12:23 a. m.,txn-0743,user59,98.75.186.79,Aprobada,,api,token
13/05/2025,08:12:24 a. m.,txn-0744,user28,57.255.35.205,Aprobada,,api,geolocalización
13/05/2025,08:12:25 a. m.,txn-0745,user28,201.60.71.5,Aprobada,,web,frecuencia
13/05/2025,08:12:26 a. m.,txn-0746,user38,102.144.142.9,Aprobada,,api,"token,blacklist"
13/05/2025,08:12:27 a. m.,txn-0747,user28,60.181.141.243,Aprobada,,api,"token,blacklist"
13/05/2025,08:12:28 a. m.,txn-0748,user51,18.202.208.13,Aprobada,,web,"geolocalización,blacklist,frecuencia"
13/05/2025,08:12:29 a. m.,txn-0749,user85,183.182.33.12,Aprobada,,mobile,"token,frecuencia"
13/05/2025,08:12:30 a. m.,txn-0750,user96,58.72.159.123,Aprobada,,api,"frecuencia,token"
13/05/2025,08:12:31 a. m.,txn-0751,user43,40.153.2.112,Aprobada,,api,frecuencia
13/05/2025,08:12:32 a. m.,txn-0752,user86,195.131.58.153,Aprobada,,mobile,"frecuencia,geolocalización,token"
13/05/2025,08:12:33 a. m.,txn-0753,user50,178.123.40.124,Aprobada,,api,"frecuencia,token,geolocalización"
13/05/2025,08:12:34 a. m.,txn-0754,user3,159.32.82.15,Aprobada,,api,geolocalización
13/05/2025,08:12:35 a. m.,txn-0755,user54,195.152.8.222,Aprobada,,web,"token,frecuencia,geolocalización"
13/05/2025,08:12:36 a. m.,txn-0756,user21,173.229.103.162,Aprobada,,api,blacklist
13/05/2025,08:12:37 a. m.,txn-0757,user37,206.15.217.166,Aprobada,,mobile,"token,blacklist"
13/05/2025,08:12:38 a. m.,txn-0758,user79,26.166.135.112,Aprobada,,mobile,"blacklist,frecuencia"
13/05/2025,08:12:39 a. m.,txn-0759,user19,192.115.24.33,Aprobada,,mobile,"frecuencia,blacklist"
13/05/2025,08:12:40 a. m.,txn-0760,user71,199.77.13.27,Aprobada,,api,"token,geolocalización"
13/05/2025,08:12:41 a. m.,txn-0761,user35,172.33.127.6,Aprobada,,web,"geolocalización,frecuencia"
13/05/2025,08:12:42 a. m.,txn-0762,user66,119.180.73.250,Aprobada,,mobile,"geolocalización,blacklist,token"
13/05/2025,08:12:43 a. m.,txn-0763,user29,220.191.79.122,Aprobada,,web,blacklist
13/05/2025,08:12:44 a. m.,txn-0764,user17,111.22.157.48,Aprobada,,web,"frecuencia,token,geolocalización"
13/05/2025,08:12:45 a. m.,txn-0765,user50,100.157.223.45,Aprobada,,api,"geolocalización,blacklist,token"
13/05/2025,08:12:46 a. m.,txn-0766,user80,120.155.44.162,Aprobada,,web,"blacklist,geolocalización,frecuencia"
13/05/2025,08:12:47 a. m.,txn-0767,user54,36.227.105.93,Aprobada,,api,"blacklist,geolocalización"
13/05/2025,08:12:48 a. m.,txn-0768,user26,51.120.128.236,Rechazada,Límite diario excedido,web,"token,blacklist"
13/05/2025,08:12:49 a. m.,txn-0769,user89,114.62.38.3,Aprobada,,api,token
13/05/2025,08:12:50 a. m.,txn-0770,user95,203.152.58.110,Aprobada,,web,"frecuencia,token,geolocalización"
13/05/2025,08:12:51 a. m.,txn-0771,user96,206.31.159.187,Rechazada,Token inválido,web,"token,frecuencia"
13/05/2025,08:12:52 a. m.,txn-0772,user95,205.33.87.86,Aprobada,,mobile,"frecuencia,geolocalización,blacklist"
13/05/2025,08:12:53 a. m.,txn-0773,user6,72.35.19.160,Aprobada,,api,"geolocalización,blacklist"
13/05/2025,08:12:54 a. m.,txn-0774,user33,107.22.115.180,Aprobada,,web,"blacklist,geolocalización"
13/05/2025,08:12:55 a. m.,txn-0775,user32,133.144.138.56,Aprobada,,mobile,"blacklist,geolocalización"
13/05/2025,08:12:56 a. m.,txn-0776,user86,130.206.74.250,Aprobada,,mobile,"frecuencia,blacklist"
13/05/2025,08:12:57 a. m.,txn-0777,user97,135.24.112.80,Aprobada,,api,"token,frecuencia"
13/05/2025,08:12:58 a. m.,txn-0778,user2,169.196.108.120,Aprobada,,web,"frecuencia,geolocalización"
13/05/2025,08:12:59 a. m.,txn-0779,user68,165.212.18.127,Aprobada,,api,"token,blacklist"
13/05/2025,08:13:00 a. m.,txn-0780,user56,14.24.26.139,Aprobada,,api,"token,blacklist,frecuencia"
13/05/2025,08:13:01 a. m.,txn-0781,user1,80.228.2.84,Aprobada,,api,frecuencia
13/05/2025,08:13:02 a. m.,txn-0782,user83,30.123.37.158,Aprobada,,api,"geolocalización,frecuencia,token"
13/05/2025,08:13:03 a. m.,txn-0783,user59,212.93.244.7,Aprobada,,web,token
13/05/2025,08:13:04 a. m.,txn-0784,user38,222.151.54.37,Aprobada,,web,"frecuencia,geolocalización"
13/05/2025,08:13:05 a. m.,txn-0785,user7,111.158.73.102,Aprobada,,web,"token,geolocalización,blacklist"
13/05/2025,08:13:06 a. m.,txn-0786,user75,183.240.199.54,Aprobada,,api,geolocalización
13/05/2025,08:13:07 a. m.,txn-0787,user35,38.70.250.7,Aprobada,,mobile,token
13/05/2025,08:13:08 a. m.,txn-0788,user48,48.159.117.111,Aprobada,,api,"token,blacklist"
13/05/2025,08:13:09 a. m.,txn-0789,user91,85.125.193.206,Aprobada,,api,"blacklist,frecuencia,geolocalización"
13/05/2025,08:13:10 a. m.,txn-0790,user3,52.173.6.61,Aprobada,,api,"blacklist,token,geolocalización"
13/05/2025,08:13:11 a. m.,txn-0791,user95,185.72.14.166,Rechazada,IP sospechosa,api,geolocalización
13/05/2025,08:13:12 a. m.,txn-0792,user66,172.1.227.147,Aprobada,,web,frecuencia
13/05/2025,08:13:13 a. m.,txn-0793,user42,109.225.223.22,Aprobada,,api,token
13/05/2025,08:13:14 a. m.,txn-0794,user10,113.46.172.86,Aprobada,,mobile,"geolocalización,blacklist,frecuencia"
13/05/2025,08:13:15 a. m.,txn-0795,user68,217.132.79.204,Aprobada,,web,"frecuencia,token"
13/05/2025,08:13:16 a. m.,txn-0796,user32,19.235.136.115,Aprobada,,api,"frecuencia,blacklist"
13/05/2025,08:13:17 a. m.,txn-0797,user33,93.149.229.226,Aprobada,,api,blacklist
13/05/2025,08:13:18 a. m.,txn-0798,user30,38.210.193.86,Aprobada,,web,token
13/05/2025,08:13:19 a. m.,txn-0799,user28,49.216.59.22,Aprobada,,web,"blacklist,token,geolocalización"
13/05/2025,08:13:20 a. m.,txn-0800,user8,77.111.253.170,Aprobada,,web,"blacklist,geolocalización"
13/05/2025,08:13:21 a. m.,txn-0801,user82,183.160.110.167,Aprobada,,api,frecuencia
13/05/2025,08:13:22 a. m.,txn-0802,user16,192.253.176.98,Aprobada,,mobile,"blacklist,token"
13/05/2025,08:13:23 a. m.,txn-0803,user56,109.241.139.3,Aprobada,,web,"token,frecuencia,geolocalización"
13/05/2025,08:13:24 a. m.,txn-0804,user88,110.149.211.206,Aprobada,,api,"frecuencia,token,blacklist"
13/05/2025,08:13:25 a. m.,txn-0805,user94,181.167.47.33,Aprobada,,api,"geolocalización,frecuencia,token"
13/05/2025,08:13:26 a. m.,txn-0806,user42,179.137.24.153,Aprobada,,web,"frecuencia,blacklist"
13/05/2025,08:13:27 a. m.,txn-0807,user71,15.128.63.239,Rechazada,Token inválido,web,frecuencia
13/05/2025,08:13:28 a. m.,txn-0808,user48,131.226.125.12,Aprobada,,mobile,"token,blacklist,frecuencia"
13/05/2025,08:13:29 a. m.,txn-0809,user44,5.126.117.122,Aprobada,,api,geolocalización
13/05/2025,08:13:30 a. m.,txn-0810,user56,63.11.139.140,Aprobada,,mobile,geolocalización
13/05/2025,08:13:31 a. m.,txn-0811,user75,30.173.185.159,Aprobada,,mobile,"token,geolocalización,blacklist"
13/05/2025,08:13:32 a. m.,txn-0812,user70,222.150.78.105,Aprobada,,api,geolocalización
13/05/2025,08:13:33 a. m.,txn-0813,user73,116.216.244.209,Aprobada,,web,token
13/05/2025,08:13:34 a. m.,txn-0814,user20,178.196.30.132,Aprobada,,web,geolocalización
13/05/2025,08:13:35 a. m.,txn-0815,user30,131.36.33.233,Rechazada,Límite diario excedido,api,"blacklist,geolocalización,frecuencia"
13/05/2025,08:13:36 a. m.,txn-0816,user78,11.178.234.48,Aprobada,,api,"blacklist,frecuencia"
13/05/2025,08:13:37 a. m.,txn-0817,user85,81.107.112.162,Aprobada,,api,"blacklist,token,geolocalización"
13/05/2025,08:13:38 a. m.,txn-0818,user44,119.17.21.107,Aprobada,,mobile,frecuencia
13/05/2025,08:13:39 a. m.,txn-0819,user19,5.11.7.71,Aprobada,,api,"token,blacklist,frecuencia"
13/05/2025,08:13:40 a. m.,txn-0820,user8,209.117.3.138,Aprobada,,mobile,"blacklist,token"
13/05/2025,08:13:41 a. m.,txn-0821,user12,2.231.23.228,Aprobada,,api,"geolocalización,frecuencia"
13/05/2025,08:13:42 a. m.,txn-0822,user11,173.140.79.115,Aprobada,,mobile,"geolocalización,blacklist"
13/05/2025,08:13:43 a. m.,txn-0823,user86,30.124.31.143,Aprobada,,api,frecuencia
13/05/2025,08:13:44 a. m.,txn-0824,user56,196.48.131.8,Aprobada,,web,frecuencia
13/05/2025,08:13:45 a. m.,txn-0825,user50,195.43.140.251,Aprobada,,mobile,"geolocalización,frecuencia,token"
13/05/2025,08:13:46 a. m.,txn-0826,user69,51.80.109.65,Aprobada,,web,"blacklist,geolocalización,frecuencia"
13/05/2025,08:13:47 a. m.,txn-0827,user49,62.118.119.229,Aprobada,,mobile,"blacklist,geolocalización"
13/05/2025,08:13:48 a. m.,txn-0828,user50,81.224.217.122,Aprobada,,api,"blacklist,token"
13/05/2025,08:13:49 a. m.,txn-0829,user19,58.234.183.108,Aprobada,,api,"geolocalización,token"
13/05/2025,08:13:50 a. m.,txn-0830,user41,30.230.229.187,Aprobada,,web,"geolocalización,token,blacklist"
13/05/2025,08:13:51 a. m.,txn-0831,user14,93.103.226.4,Aprobada,,mobile,geolocalización
13/05/2025,08:13:52 a. m.,txn-0832,user100,112.189.183.87,Aprobada,,api,blacklist
13/05/2025,08:13:53 a. m.,txn-0833,user53,87.198.87.211,Aprobada,,api,"blacklist,frecuencia"
13/05/2025,08:13:54 a. m.,txn-0834,user21,194.229.35.73,Aprobada,,web,"blacklist,token"
13/05/2025,08:13:55 a. m.,txn-0835,user94,174.204.115.120,Aprobada,,web,"geolocalización,token,blacklist"
13/05/2025,08:13:56 a. m.,txn-0836,user32,63.240.49.163,Aprobada,,mobile,"frecuencia,geolocalización,blacklist"
13/05/2025,08:13:57 a. m.,txn-0837,user40,54.102.2.215,Aprobada,,api,blacklist
13/05/2025,08:13:58 a. m.,txn-0838,user32,214.85.0.200,Aprobada,,web,token
13/05/2025,08:13:59 a. m.,txn-0839,user24,122.81.182.120,Aprobada,,mobile,"geolocalización,blacklist"
13/05/2025,08:14:00 a. m.,txn-0840,user59,66.109.219.244,Aprobada,,api,"token,blacklist"
13/05/2025,08:14:01 a. m.,txn-0841,user51,4.145.136.180,Aprobada,,mobile,token
13/05/2025,08:14:02 a. m.,txn-0842,user43,58.143.162.85,Aprobada,,mobile,"frecuencia,token,blacklist"
13/05/2025,08:14:03 a. m.,txn-0843,user89,22.24.166.66,Aprobada,,mobile,"frecuencia,geolocalización"
13/05/2025,08:14:04 a. m.,txn-0844,user28,208.40.145.182,Aprobada,,mobile,blacklist
13/05/2025,08:14:05 a. m.,txn-0845,user92,21.110.172.241,Aprobada,,mobile,"geolocalización,frecuencia,token"
13/05/2025,08:14:06 a. m.,txn-0846,user72,20.87.27.228,Aprobada,,api,frecuencia
13/05/2025,08:14:07 a. m.,txn-0847,user60,11.34.228.71,Aprobada,,api,"token,frecuencia"
13/05/2025,08:14:08 a. m.,txn-0848,user72,81.36.205.41,Aprobada,,mobile,"token,blacklist"
13/05/2025,08:14:09 a. m.,txn-0849,user85,96.158.224.11,Aprobada,,web,"token,blacklist,geolocalización"
13/05/2025,08:14:10 a. m.,txn-0850,user81,107.71.130.245,Aprobada,,api,"blacklist,geolocalización,token"
13/05/2025,08:14:11 a. m.,txn-0851,user84,165.176.233.238,Aprobada,,web,"token,geolocalización"
13/05/2025,08:14:12 a. m.,txn-0852,user98,69.108.223.46,Aprobada,,mobile,"blacklist,token"
13/05/2025,08:14:13 a. m.,txn-0853,user49,34.196.189.20,Aprobada,,web,"geolocalización,token,blacklist"
13/05/2025,08:14:14 a. m.,txn-0854,user35,75.11.143.249,Aprobada,,api,"blacklist,geolocalización"
13/05/2025,08:14:15 a. m.,txn-0855,user22,146.10.59.31,Aprobada,,api,"blacklist,frecuencia,token"
13/05/2025,08:14:16 a. m.,txn-0856,user11,117.146.66.198,Aprobada,,web,"blacklist,token,geolocalización"
13/05/2025,08:14:17 a. m.,txn-0857,user58,194.138.48.95,Aprobada,,api,frecuencia
13/05/2025,08:14:18 a. m.,txn-0858,user49,207.145.230.16,Aprobada,,mobile,geolocalización
13/05/2025,08:14:19 a. m.,txn-0859,user90,187.72.74.225,Aprobada,,web,"frecuencia,blacklist"
13/05/2025,08:14:20 a. m.,txn-0860,user81,186.176.158.106,Aprobada,,web,"geolocalización,token"
13/05/2025,08:14:21 a. m.,txn-0861,user29,112.107.213.180,Aprobada,,api,frecuencia
13/05/2025,08:14:22 a. m.,txn-0862,user76,159.0.46.211,Rechazada,IP sospechosa,web,blacklist
13/05/2025,08:14:23 a. m.,txn-0863,user34,220.92.72.49,Aprobada,,web,"blacklist,token,frecuencia"
13/05/2025,08:14:24 a. m.,txn-0864,user59,115.106.254.82,Aprobada,,api,"frecuencia,blacklist,token"
13/05/2025,08:14:25 a. m.,txn-0865,user72,64.83.110.149,Aprobada,,web,blacklist
13/05/2025,08:14:26 a. m.,txn-0866,user58,51.231.206.43,Aprobada,,web,"frecuencia,blacklist"
13/05/2025,08:14:27 a. m.,txn-0867,user36,213.165.142.76,Aprobada,,mobile,"frecuencia,token,blacklist"
13/05/2025,08:14:28 a. m.,txn-0868,user66,177.69.232.16,Rechazada,Límite diario excedido,web,"token,frecuencia,blacklist"
13/05/2025,08:14:29 a. m.,txn-0869,user63,62.130.2.139,Aprobada,,api,"frecuencia,geolocalización"
13/05/2025,08:14:30 a. m.,txn-0870,user41,222.49.137.33,Aprobada,,web,"token,geolocalización"
13/05/2025,08:14:31 a. m.,txn-0871,user28,37.219.157.196,Aprobada,,api,"geolocalización,frecuencia"
13/05/2025,08:14:32 a. m.,txn-0872,user80,108.127.10.8,Aprobada,,api,frecuencia
13/05/2025,08:14:33 a. m.,txn-0873,user48,26.117.219.124,Aprobada,,mobile,"token,geolocalización"
13/05/2025,08:14:34 a. m.,txn-0874,user44,111.168.104.197,Aprobada,,web,"geolocalización,token,blacklist"
13/05/2025,08:14:35 a. m.,txn-0875,user33,94.129.154.45,Aprobada,,web,"blacklist,token"
13/05/2025,08:14:36 a. m.,txn-0876,user67,12.85.144.15,Aprobada,,mobile,"frecuencia,blacklist"
13/05/2025,08:14:37 a. m.,txn-0877,user83,41.228.173.165,Aprobada,,mobile,"frecuencia,token,geolocalización"
13/05/2025,08:14:38 a. m.,txn-0878,user85,1.220.115.118,Aprobada,,web,frecuencia
13/05/2025,08:14:39 a. m.,txn-0879,user57,156.184.213.231,Aprobada,,api,"geolocalización,token"
13/05/2025,08:14:40 a. m.,txn-0880,user80,14.187.38.8,Aprobada,,mobile,"frecuencia,blacklist"
13/05/2025,08:14:41 a. m.,txn-0881,user96,163.137.232.193,Rechazada,Límite diario excedido,mobile,"geolocalización,frecuencia"
13/05/2025,08:14:42 a. m.,txn-0882,user25,210.93.2.168,Aprobada,,web,"frecuencia,geolocalización,token"
13/05/2025,08:14:43 a. m.,txn-0883,user24,206.62.180.148,Aprobada,,web,"geolocalización,frecuencia,blacklist"
13/05/2025,08:14:44 a. m.,txn-0884,user93,75.122.201.52,Aprobada,,web,"geolocalización,frecuencia,token"
13/05/2025,08:14:45 a. m.,txn-0885,user37,46.169.244.166,Aprobada,,api,"token,geolocalización"
13/05/2025,08:14:46 a. m.,txn-0886,user75,126.137.22.138,Aprobada,,api,"geolocalización,token"
13/05/2025,08:14:47 a. m.,txn-0887,user75,214.37.218.225,Aprobada,,web,geolocalización
13/05/2025,08:14:48 a. m.,txn-0888,user72,9.214.69.166,Aprobada,,mobile,"frecuencia,token"
13/05/2025,08:14:49 a. m.,txn-0889,user22,150.246.142.37,Aprobada,,web,"blacklist,geolocalización"
13/05/2025,08:14:50 a. m.,txn-0890,user94,28.58.232.50,Aprobada,,web,"geolocalización,blacklist"
13/05/2025,08:14:51 a. m.,txn-0891,user22,175.12.53.60,Rechazada,Límite diario excedido,api,"token,blacklist"
13/05/2025,08:14:52 a. m.,txn-0892,user30,160.30.113.28,Aprobada,,web,"geolocalización,frecuencia,token"
13/05/2025,08:14:53 a. m.,txn-0893,user11,122.113.182.1,Aprobada,,web,blacklist
13/05/2025,08:14:54 a. m.,txn-0894,user55,149.120.59.179,Aprobada,,web,"token,frecuencia"
13/05/2025,08:14:55 a. m.,txn-0895,user5,181.164.80.93,Aprobada,,web,"geolocalización,token,blacklist"
13/05/2025,08:14:56 a. m.,txn-0896,user93,107.170.228.82,Aprobada,,web,"token,geolocalización"
13/05/2025,08:14:57 a. m.,txn-0897,user28,21.238.183.170,Aprobada,,web,"token,geolocalización"
13/05/2025,08:14:58 a. m.,txn-0898,user64,173.197.166.11,Aprobada,,api,"frecuencia,blacklist,token"
13/05/2025,08:14:59 a. m.,txn-0899,user81,154.19.223.185,Aprobada,,api,token
13/05/2025,08:15:00 a. m.,txn-0900,user46,107.218.122.220,Aprobada,,web,"blacklist,token"
13/05/2025,08:15:01 a. m.,txn-0901,user3,64.211.47.188,Rechazada,Límite diario excedido,web,"token,geolocalización,blacklist"
13/05/2025,08:15:02 a. m.,txn-0902,user87,62.105.158.33,Aprobada,,mobile,"geolocalización,frecuencia,blacklist"
13/05/2025,08:15:03 a. m.,txn-0903,user52,50.22.207.24,Aprobada,,mobile,"token,blacklist"
13/05/2025,08:15:04 a. m.,txn-0904,user55,62.48.10.181,Aprobada,,web,"geolocalización,blacklist,frecuencia"
13/05/2025,08:15:05 a. m.,txn-0905,user90,20.127.119.171,Aprobada,,mobile,"geolocalización,frecuencia"
13/05/2025,08:15:06 a. m.,txn-0906,user66,103.78.190.133,Rechazada,IP sospechosa,web,blacklist
13/05/2025,08:15:07 a. m.,txn-0907,user42,164.166.237.212,Aprobada,,mobile,"frecuencia,token"
13/05/2025,08:15:08 a. m.,txn-0908,user66,104.58.94.219,Aprobada,,web,geolocalización
13/05/2025,08:15:09 a. m.,txn-0909,user83,163.148.141.200,Aprobada,,api,"frecuencia,token"
13/05/2025,08:15:10 a. m.,txn-0910,user82,69.32.51.155,Aprobada,,mobile,geolocalización
13/05/2025,08:15:11 a. m.,txn-0911,user8,168.210.238.190,Aprobada,,web,"frecuencia,token,geolocalización"
13/05/2025,08:15:12 a. m.,txn-0912,user52,184.105.54.110,Aprobada,,mobile,"blacklist,geolocalización,token"
13/05/2025,08:15:13 a. m.,txn-0913,user27,137.104.69.118,Aprobada,,mobile,"token,blacklist,frecuencia"
13/05/2025,08:15:14 a. m.,txn-0914,user38,136.219.158.209,Aprobada,,api,"token,geolocalización"
13/05/2025,08:15:15 a. m.,txn-0915,user47,60.93.81.77,Aprobada,,api,token
13/05/2025,08:15:16 a. m.,txn-0916,user25,181.135.245.32,Aprobada,,api,"geolocalización,blacklist"
13/05/2025,08:15:17 a. m.,txn-0917,user98,62.233.10.213,Aprobada,,mobile,geolocalización
13/05/2025,08:15:18 a. m.,txn-0918,user40,155.241.54.126,Aprobada,,mobile,blacklist
13/05/2025,08:15:19 a. m.,txn-0919,user76,96.39.198.100,Aprobada,,api,"blacklist,token,geolocalización"
13/05/2025,08:15:20 a. m.,txn-0920,user97,35.150.138.137,Aprobada,,mobile,"blacklist,frecuencia"
13/05/2025,08:15:21 a. m.,txn-0921,user40,113.47.201.70,Aprobada,,api,frecuencia
13/05/2025,08:15:22 a. m.,txn-0922,user63,155.153.66.41,Aprobada,,web,"token,frecuencia"
13/05/2025,08:15:23 a. m.,txn-0923,user88,29.100.93.251,Aprobada,,mobile,"blacklist,frecuencia"
13/05/2025,08:15:24 a. m.,txn-0924,user63,110.117.88.163,Aprobada,,mobile,frecuencia
13/05/2025,08:15:25 a. m.,txn-0925,user76,28.204.75.5,Aprobada,,web,frecuencia
13/05/2025,08:15:26 a. m.,txn-0926,user1,184.29.188.186,Aprobada,,web,"token,frecuencia,geolocalización"
13/05/2025,08:15:27 a. m.,txn-0927,user43,4.28.144.118,Aprobada,,mobile,"token,blacklist,frecuencia"
13/05/2025,08:15:28 a. m.,txn-0928,user20,39.132.251.9,Aprobada,,api,blacklist
13/05/2025,08:15:29 a. m.,txn-0929,user1,36.234.8.171,Aprobada,,web,"blacklist,token,frecuencia"
13/05/2025,08:15:30 a. m.,txn-0930,user16,46.148.178.168,Aprobada,,mobile,"geolocalización,blacklist,frecuencia"
13/05/2025,08:15:31 a. m.,txn-0931,user18,16.108.181.227,Aprobada,,api,"frecuencia,token,blacklist"
13/05/2025,08:15:32 a. m.,txn-0932,user51,35.148.4.39,Aprobada,,api,"frecuencia,geolocalización"
13/05/2025,08:15:33 a. m.,txn-0933,user74,206.28.109.185,Aprobada,,mobile,token
13/05/2025,08:15:34 a. m.,txn-0934,user23,214.28.137.72,Aprobada,,web,"geolocalización,token,blacklist"
13/05/2025,08:15:35 a. m.,txn-0935,user61,128.176.164.231,Aprobada,,mobile,"geolocalización,token,frecuencia"
13/05/2025,08:15:36 a. m.,txn-0936,user50,115.193.156.183,Aprobada,,api,"frecuencia,blacklist"
13/05/2025,08:15:37 a. m.,txn-0937,user62,7.213.14.70,Aprobada,,web,"frecuencia,token"
13/05/2025,08:15:38 a. m.,txn-0938,user44,160.33.91.156,Aprobada,,api,"blacklist,geolocalización,frecuencia"
13/05/2025,08:15:39 a. m.,txn-0939,user22,182.186.156.224,Aprobada,,web,"token,geolocalización"
13/05/2025,08:15:40 a. m.,txn-0940,user46,156.33.182.10,Aprobada,,mobile,"blacklist,geolocalización,token"
13/05/2025,08:15:41 a. m.,txn-0941,user65,115.242.36.99,Aprobada,,mobile,"frecuencia,token,geolocalización"
13/05/2025,08:15:42 a. m.,txn-0942,user51,65.114.110.115,Aprobada,,web,"token,blacklist"
13/05/2025,08:15:43 a. m.,txn-0943,user44,135.150.176.38,Aprobada,,mobile,"token,frecuencia"
13/05/2025,08:15:44 a. m.,txn-0944,user90,136.101.86.121,Aprobada,,web,"frecuencia,blacklist"
13/05/2025,08:15:45 a. m.,txn-0945,user25,218.126.37.101,Aprobada,,mobile,"blacklist,frecuencia,token"
13/05/2025,08:15:46 a. m.,txn-0946,user94,110.205.85.38,Rechazada,Token inválido,api,frecuencia
13/05/2025,08:15:47 a. m.,txn-0947,user22,58.148.57.0,Aprobada,,api,"frecuencia,token"
13/05/2025,08:15:48 a. m.,txn-0948,user57,174.58.43.14,Aprobada,,mobile,"frecuencia,blacklist,token"
13/05/2025,08:15:49 a. m.,txn-0949,user93,50.35.59.77,Aprobada,,web,token
13/05/2025,08:15:50 a. m.,txn-0950,user60,156.213.237.197,Aprobada,,api,frecuencia
13/05/2025,08:15:51 a. m.,txn-0951,user70,57.122.57.127,Aprobada,,web,blacklist
13/05/2025,08:15:52 a. m.,txn-0952,user83,44.203.227.61,Aprobada,,api,blacklist
13/05/2025,08:15:53 a. m.,txn-0953,user45,191.38.197.0,Aprobada,,mobile,token
13/05/2025,08:15:54 a. m.,txn-0954,user38,216.45.144.22,Aprobada,,web,frecuencia
13/05/2025,08:15:55 a. m.,txn-0955,user38,92.93.26.117,Aprobada,,api,"token,geolocalización,blacklist"
13/05/2025,08:15:56 a. m.,txn-0956,user32,9.131.60.65,Aprobada,,mobile,"blacklist,token,geolocalización"
13/05/2025,08:15:57 a. m.,txn-0957,user74,31.93.156.81,Aprobada,,web,frecuencia
13/05/2025,08:15:58 a. m.,txn-0958,user56,38.38.124.40,Aprobada,,web,blacklist
13/05/2025,08:15:59 a. m.,txn-0959,user91,13.231.183.166,Aprobada,,mobile,"blacklist,frecuencia"
13/05/2025,08:16:00 a. m.,txn-0960,user80,113.253.196.19,Aprobada,,api,token
13/05/2025,08:16:01 a. m.,txn-0961,user67,2.5.243.92,Aprobada,,web,token
13/05/2025,08:16:02 a. m.,txn-0962,user4,55.173.205.122,Aprobada,,web,"frecuencia,token"
13/05/2025,08:16:03 a. m.,txn-0963,user27,28.128.168.201,Aprobada,,mobile,"frecuencia,token"
13/05/2025,08:16:04 a. m.,txn-0964,user66,202.152.212.16,Aprobada,,api,"blacklist,geolocalización"
13/05/2025,08:16:05 a. m.,txn-0965,user73,20.38.129.134,Aprobada,,mobile,"frecuencia,blacklist"
13/05/2025,08:16:06 a. m.,txn-0966,user94,50.57.130.185,Aprobada,,api,"token,geolocalización,frecuencia"
13/05/2025,08:16:07 a. m.,txn-0967,user30,1.96.20.61,Aprobada,,api,frecuencia
13/05/2025,08:16:08 a. m.,txn-0968,user20,182.160.206.2,Aprobada,,web,blacklist
13/05/2025,08:16:09 a. m.,txn-0969,user64,196.185.111.254,Aprobada,,web,"blacklist,token"
13/05/2025,08:16:10 a. m.,txn-0970,user9,98.63.197.167,Aprobada,,web,"blacklist,frecuencia"
13/05/2025,08:16:11 a. m.,txn-0971,user43,180.157.255.99,Rechazada,Límite diario excedido,mobile,"token,geolocalización"
13/05/2025,08:16:12 a. m.,txn-0972,user29,146.101.226.218,Aprobada,,mobile,"token,frecuencia"
13/05/2025,08:16:13 a. m.,txn-0973,user68,168.102.175.162,Rechazada,Token inválido,api,"geolocalización,blacklist"
13/05/2025,08:16:14 a. m.,txn-0974,user81,204.21.27.36,Aprobada,,api,token
13/05/2025,08:16:15 a. m.,txn-0975,user25,58.145.228.167,Aprobada,,api,"token,frecuencia"
13/05/2025,08:16:16 a. m.,txn-0976,user34,202.138.213.243,Rechazada,IP sospechosa,api,blacklist
13/05/2025,08:16:17 a. m.,txn-0977,user37,36.24.214.77,Aprobada,,mobile,"blacklist,frecuencia"
13/05/2025,08:16:18 a. m.,txn-0978,user39,25.220.203.251,Aprobada,,api,blacklist
13/05/2025,08:16:19 a. m.,txn-0979,user25,130.179.170.1,Aprobada,,mobile,geolocalización
13/05/2025,08:16:20 a. m.,txn-0980,user62,173.189.117.108,Aprobada,,api,"frecuencia,token"
13/05/2025,08:16:21 a. m.,txn-0981,user79,142.41.194.20,Aprobada,,mobile,"geolocalización,token,frecuencia"
13/05/2025,08:16:22 a. m.,txn-0982,user16,136.218.170.238,Aprobada,,mobile,"token,geolocalización"
13/05/2025,08:16:23 a. m.,txn-0983,user73,99.254.244.34,Aprobada,,api,"blacklist,frecuencia"
13/05/2025,08:16:24 a. m.,txn-0984,user44,199.121.253.214,Aprobada,,api,blacklist
13/05/2025,08:16:25 a. m.,txn-0985,user58,187.110.43.3,Aprobada,,web,"frecuencia,blacklist,token"
13/05/2025,08:16:26 a. m.,txn-0986,user78,23.137.139.81,Aprobada,,api,"blacklist,frecuencia"
13/05/2025,08:16:27 a. m.,txn-0987,user66,35.58.222.92,Rechazada,IP sospechosa,api,"frecuencia,token"
13/05/2025,08:16:28 a. m.,txn-0988,user100,66.229.82.231,Aprobada,,api,"blacklist,frecuencia"
13/05/2025,08:16:29 a. m.,txn-0989,user70,100.213.139.109,Aprobada,,web,"frecuencia,token,geolocalización"
13/05/2025,08:16:30 a. m.,txn-0990,user89,92.98.104.171,Rechazada,Límite diario excedido,web,"frecuencia,token,blacklist"
13/05/2025,08:16:31 a. m.,txn-0991,user59,106.39.159.160,Aprobada,,web,"blacklist,frecuencia"
13/05/2025,08:16:32 a. m.,txn-0992,user97,84.77.167.102,Aprobada,,api,frecuencia
13/05/2025,08:16:33 a. m.,txn-0993,user62,68.84.223.37,Aprobada,,mobile,"blacklist,geolocalización"
13/05/2025,08:16:34 a. m.,txn-0994,user62,23.198.1.187,Aprobada,,mobile,"blacklist,token,frecuencia"
13/05/2025,08:16:35 a. m.,txn-0995,user67,161.163.113.97,Aprobada,,api,"frecuencia,blacklist,geolocalización"
13/05/2025,08:16:36 a. m.,txn-0996,user98,9.182.219.7,Aprobada,,web,"frecuencia,token,blacklist"
13/05/2025,08:16:37 a. m.,txn-0997,user23,27.214.76.235,Aprobada,,api,"blacklist,token,frecuencia"
13/05/2025,08:16:38 a. m.,txn-0998,user79,188.115.216.90,Aprobada,,web,blacklist
13/05/2025,08:16:39 a. m.,txn-0999,user49,204.29.82.37,Aprobada,,web,"frecuencia,token,geolocalización"
